incident_time,incident_number,incident_location,nature,incident_ori,day_of_week,time_of_data,location_rank,incident_rank,side_of_town,latitude,longitude,weather_code,EMSSTAT
3/1/2024 0:05,2024-00014834,4TH/SUNNYLANE,MVA Non Injury,OK0140200,6,0,52,18,N,35.3200735,-97.4413111,3,False
3/1/2024 0:24,2024-00014835,12TH AVE NE / SONOMA PARK DR,Traffic Stop,OK0140200,6,0,52,1,NE,35.2300472,-97.42347769999999,3,False
3/1/2024 0:28,2024-00014836,1600 ANN BRANDEN BLVD,Disturbance/Domestic,OK0140200,6,0,52,4,SE,35.1815687,-97.4143306,3,False
3/1/2024 0:33,2024-00014837,500 OKMULGEE ST,Traffic Stop,OK0140200,6,0,52,1,SE,35.2092701,-97.43523789999999,3,False
3/1/2024 0:48,2024-00014838,1016 E LINDSEY ST,Traffic Stop,OK0140200,6,0,52,1,SE,35.2035893,-97.42577759999999,3,False
3/1/2024 0:52,2024-00004392,2000 ANN BRANDEN BLVD,Transfer/Interfacility,EMSSTAT,6,0,52,2,SE,35.1872171,-97.4067154,3,True
3/1/2024 0:59,2024-00014839,N FLOOD AVE / W ROCK CREEK RD,Traffic Stop,OK0140200,6,0,52,1,NW,35.2470912,-97.46094289999999,3,False
3/1/2024 1:02,2024-00003323,3300 MARSHALL AVE,Fire Smoke Investigation,14005,6,1,52,48,S,35.1767662,-97.4320954,3,False
3/1/2024 1:03,2024-00014840,1115 W LINDSEY ST,Traffic Stop,OK0140200,6,1,52,1,SW,35.2039204,-97.45803149999999,3,False
3/1/2024 1:07,2024-00014841,48TH AVE NW / KATHY LYNN DR,Traffic Stop,OK0140200,6,1,52,1,W,35.2260802,-97.51195770000001,2,False
3/1/2024 1:17,2024-00014842,1392 W LINDSEY ST,Traffic Stop,OK0140200,6,1,52,1,SW,35.2039161,-97.46222,3,False
3/1/2024 1:24,2024-00014843,208 W TIMBERDELL RD,Traffic Stop,OK0140200,6,1,52,1,S,35.1967304,-97.4417301,3,False
3/1/2024 1:31,2024-00014844,907 W LINDSEY ST,Traffic Stop,OK0140200,6,1,52,1,SW,35.204087,-97.45334129999999,3,False
3/1/2024 1:31,2024-00014845,N FLOOD AVE / 24TH AVE NW,Traffic Stop,OK0140200,6,1,52,1,NW,35.2657275,-97.4775253,2,False
3/1/2024 1:31,2024-00014847,2960 CLASSEN BLVD,Trespassing,OK0140200,6,1,52,7,SE,35.1860402,-97.41982560000001,3,False
3/1/2024 1:33,2024-00014846,1622 ALAMEDA ST,Traffic Stop,OK0140200,6,1,52,1,E,35.21803850000001,-97.41713,3,False
3/1/2024 1:41,2024-00014848,769 ASP AVE,Welfare Check,OK0140200,6,1,14,4,S,35.2115683,-97.44350179999999,3,False
3/1/2024 1:41,2024-00003324,1523 MELROSE DR,Unconscious/Fainting,14005,6,1,14,18,W,35.2154831,-97.4662184,3,True
3/1/2024 1:41,2024-00004393,1523 MELROSE DR,Falls,EMSSTAT,6,1,14,3,W,35.2154831,-97.4662184,3,True
3/1/2024 1:54,2024-00014849,2741 CLASSEN BLVD,Traffic Stop,OK0140200,6,1,52,1,SE,35.1900672,-97.4218961,3,False
3/1/2024 1:59,2024-00014851,3300 HEALTHPLEX PKWY,Trespassing,OK0140200,6,1,2,7,W,35.21418,-97.49280999999999,3,False
3/1/2024 1:59,2024-00014850,576 S UNIVERSITY BLVD,Traffic Stop,OK0140200,6,1,52,1,S,35.2121807,-97.4460373,3,False
3/1/2024 2:20,2024-00014853,400 26TH AVE NW,Alarm,OK0140200,6,2,8,10,W,35.22258679999999,-97.4828538,2,False
3/1/2024 2:21,2024-00014852,209 CHALMETTE DR,Trespassing,OK0140200,6,2,8,7,E,35.2164581,-97.4142878,2,False
3/1/2024 2:33,2024-00014854,2556 CLASSEN BLVD,Alarm Holdup/Panic,OK0140200,6,2,52,32,SE,35.1929039,-97.424827,2,False
3/1/2024 2:53,2024-00003326,1150 ALAMEDA ST,Sick Person,14005,6,2,4,11,E,35.2179663,-97.42415109999999,2,True
3/1/2024 2:53,2024-00004394,1150 ALAMEDA ST,Sick Person,EMSSTAT,6,2,4,11,E,35.2179663,-97.42415109999999,2,True
3/1/2024 2:53,2024-00014855,1150 ALAMEDA ST,Public Intoxication,OK0140200,6,2,4,21,E,35.2179663,-97.42415109999999,2,True
3/1/2024 2:53,2024-00014858,1150 ALAMEDA ST,Public Intoxication,OK0140200,6,2,4,21,E,35.2179663,-97.42415109999999,2,False
3/1/2024 3:00,2024-00003325,800 CANADIAN TRAILS DR,Public Assist,14005,6,3,52,21,S,35.1799514,-97.452848,2,False
3/1/2024 3:13,2024-00014856,2815 MONITOR AVE,Larceny,OK0140200,6,3,52,11,S,35.187523,-97.435273,2,False
3/1/2024 3:39,2024-00003327,2901 OAK TREE AVE,Sick Person,14005,6,3,4,11,SE,35.1852921,-97.42220789999999,2,True
3/1/2024 3:39,2024-00004395,2901 OAK TREE AVE,Sick Person,EMSSTAT,6,3,4,11,SE,35.1852921,-97.42220789999999,2,True
3/1/2024 3:54,2024-00014857,3601 N FLOOD AVE,Trespassing,OK0140200,6,3,52,7,NW,35.2627673,-97.4745462,3,False
3/1/2024 3:59,2024-00014859,604 RIDGE LAKE BLVD,Alarm,OK0140200,6,3,52,10,E,35.2128453,-97.3920529,2,False
3/1/2024 4:06,2024-00004396,3300 HEALTHPLEX PKWY,Transfer/Interfacility,EMSSTAT,6,4,2,2,W,35.21418,-97.49280999999999,1,True
3/1/2024 4:15,2024-00004397,1544 OK-9,Chest Pain,EMSSTAT,6,4,52,32,SW,35.181276,-97.5005336,1,True
3/1/2024 4:20,2024-00014860,400 26TH AVE NW,Burglary,OK0140200,6,4,8,18,W,35.22258679999999,-97.4828538,1,False
3/1/2024 4:28,2024-00014861,202 WOODCREST DR,Harassment / Threats Report,OK0140200,6,4,52,21,N,35.2484515,-97.4391113,1,False
3/1/2024 4:44,2024-00014862,313 POTOMAC DR,Alarm,OK0140200,6,4,52,10,W,35.2211787,-97.50110029999999,1,False
3/1/2024 5:39,2024-00014863,2600 W ROBINSON ST,Trespassing,OK0140200,6,5,52,7,W,35.2325747,-97.4807821,0,False
3/1/2024 5:39,2024-00003328,909 24TH AVE SW,Allergies/Envenomations,14005,6,5,14,37,SW,35.2066577,-97.476047,0,True
3/1/2024 5:39,2024-00004398,909 24TH AVE SW,Allergies/Envenomations,EMSSTAT,6,5,14,37,SW,35.2066577,-97.476047,0,True
3/1/2024 5:44,2024-00014864,715 MONNETT AVE,Noise Complaint,OK0140200,6,5,52,37,SE,35.213453,-97.4397434,0,False
3/1/2024 5:53,2024-00014865,E GRAY ST / N JONES AVE,MVA Non Injury,OK0140200,6,5,14,18,N,35.2219184,-97.44385659999999,0,False
3/1/2024 5:55,2024-00014866,800 LEXINGTON ST,Supplement Report,OK0140200,6,5,14,14,NW,35.2400878,-97.4524333,0,False
3/1/2024 5:59,2024-00003329,E GRAY ST / N JONES AVE,Public Assist,14005,6,5,14,21,N,35.2219184,-97.44385659999999,0,False
3/1/2024 6:05,2024-00014867,1507 W LINDSEY ST,Found Item,OK0140200,6,6,52,48,SW,35.2044298,-97.46442189999999,0,False
3/1/2024 6:56,2024-00014868,418 IOWA ST,Fraud,OK0140200,6,6,52,21,NW,35.2238572,-97.450876,0,False
3/1/2024 7:05,2024-00004405,2550 W FRANKLIN RD,Transfer/Interfacility,EMSSTAT,6,7,8,2,NW,35.2746784,-97.47820310000002,0,True
3/1/2024 7:12,2024-00014874,3617 24TH AVE SE,Burglary,OK0140200,6,7,52,18,SE,35.1745569,-97.4036234,0,False
3/1/2024 7:13,2024-00003330,1001 DRAKE DR,Public Assist,14005,6,7,52,21,SE,35.2025871,-97.42634269999999,0,False
3/1/2024 7:22,2024-00014869,E DAWS ST / N CRAWFORD AVE,Welfare Check,OK0140200,6,7,52,4,N,35.224917,-97.442281,0,False
3/1/2024 7:24,2024-00014873,1900 RENAISSANCE DR,Assault,OK0140200,6,7,52,48,SE,35.1809901,-97.4127395,0,False
3/1/2024 7:27,2024-00003331,1776 E ROBINSON ST,Unconscious/Fainting,14005,6,7,14,18,E,35.2299595,-97.4131198,0,True
3/1/2024 7:27,2024-00004399,1776 E ROBINSON ST,Unconscious/Fainting,EMSSTAT,6,7,14,18,E,35.2299595,-97.4131198,0,True
3/1/2024 7:30,2024-00014870,4023 N FLOOD AVE,Welfare Check,OK0140200,6,7,52,4,NW,35.2681884,-97.4780273,0,False
3/1/2024 7:32,2024-00014871,1002 N PORTER AVE,Welfare Check,OK0140200,6,7,52,4,N,35.230823,-97.44133370000002,0,False
3/1/2024 7:36,2024-00003332,1111 24TH AVE SW,Public Assist,14005,6,7,52,21,SW,35.2048349,-97.4758356,0,False
3/1/2024 7:37,2024-00014872,2370 N FLOOD AVE,Traffic Stop,OK0140200,6,7,52,1,NW,35.24035569999999,-97.45640449999999,0,False
3/1/2024 7:38,2024-90000078,MAIN ST,Larceny,OK0140200,6,7,52,11,NE,35.2253084,-97.4329902,0,False
3/1/2024 7:41,2024-00004400,151 W BROOKS AVE,Stand By EMS,EMSSTAT,6,7,52,16,S,35.2078223,-97.44226979999999,0,True
3/1/2024 7:52,2024-00014875,1124 N PORTER AVE,Alarm,OK0140200,6,7,52,10,N,35.2321952,-97.4413761,0,False
3/1/2024 8:01,2024-00014876,1508 DAKOTA ST,Welfare Check,OK0140200,6,8,52,4,W,35.2250397,-97.4642317,1,False
3/1/2024 8:05,2024-00014877,1201 ALAMEDA ST,Contact a Subject,OK0140200,6,8,14,6,E,35.218797,-97.4231373,1,False
3/1/2024 8:11,2024-00014878,2900 W LINDSEY ST,Fraud,OK0140200,6,8,52,21,SW,35.2033239,-97.48444649999999,1,False
3/1/2024 8:12,2024-00014879,E CEDAR LANE RD / 48TH AVE SE,Animal Livestock,OK0140200,6,8,52,48,SE,35.1749758,-97.37050649999999,0,False
3/1/2024 8:22,2024-00014880,2555 HEMPHILL DR,Follow Up,OK0140200,6,8,52,21,W,35.225379,-97.4816354,1,False
3/1/2024 8:22,2024-00014885,3263 CLASSEN BLVD,Burglary,OK0140200,6,8,52,18,SE,35.1797524,-97.41499069999999,1,False
3/1/2024 8:23,2024-00014881,511 156TH AVE NE,Animal Trapped,OK0140200,6,8,14,16,E,35.2236801,-97.21208689999999,0,False
3/1/2024 8:26,2024-00014882,216 W HADDOCK ST,Supplement Report,OK0140200,6,8,52,14,NW,35.2351076,-97.44976679999999,1,False
3/1/2024 8:31,2024-00014898,561 MERCHANT DR,Supplement Report,OK0140200,6,8,52,14,W,35.22507660000001,-97.4791755,1,False
3/1/2024 8:31,2024-00014883,1601 MCGEE DR,Contact a Subject,OK0140200,6,8,52,6,SW,35.1983095,-97.4663875,1,False
3/1/2024 8:43,2024-00014884,3104 WOODCREST CREEK DR,Extra Patrol,OK0140200,6,8,14,48,N,35.2563768,-97.4353046,1,False
3/1/2024 8:51,2024-90000079,4420 132ND AVE SE,Harassment / Threats Report,OK0140200,6,8,52,21,E,35.164249,-97.249725,0,False
3/1/2024 8:55,2024-00014891,511 156TH AVE NE,Animal Trapped,OK0140200,6,8,14,16,E,35.2236801,-97.21208689999999,0,False
3/1/2024 9:00,2024-00014886,1005 W BROOKS ST,Parking Problem,OK0140200,6,9,52,21,SW,35.2076975,-97.455398,0,False
3/1/2024 9:02,2024-00004401,901 N PORTER AVE,Transfer/Interfacility,EMSSTAT,6,9,1,2,NE,35.2301496,-97.43914960000001,0,True
3/1/2024 9:04,2024-00014894,400 26TH AVE NW,Supplement Report,OK0140200,6,9,8,14,W,35.22258679999999,-97.4828538,0,False
3/1/2024 9:08,2024-00014887,911 W MAIN ST,Runaway or Lost Child,OK0140200,6,9,14,21,W,35.2190497,-97.4560563,0,False
3/1/2024 9:10,2024-00004410,901 N PORTER AVE,Transfer/Interfacility,EMSSTAT,6,9,1,2,NE,35.2301496,-97.43914960000001,0,True
3/1/2024 9:10,2024-00014888,6665 INTERSTATE DR,Suspicious,OK0140200,6,9,52,9,NW,35.2446281,-97.4849714,0,False
3/1/2024 9:16,2024-00014889,N LAHOMA AVE / W HUGHBERT ST,Motorist Assist,OK0140200,6,9,52,32,NW,35.2268369,-97.451464,0,False
3/1/2024 9:17,2024-00014907,2718 OSAGE WAY,Supplement Report,OK0140200,6,9,52,14,NE,35.2526869,-97.4255663,0,False
3/1/2024 9:18,2024-00014892,12TH AVE SE / E STATE HWY 9 HWY,Contact a Subject,OK0140200,6,9,52,6,SE,35.1924629,-97.4237369,0,False
3/1/2024 9:21,2024-00014890,209 CHALMETTE DR,Open Door/Premises Check,OK0140200,6,9,8,37,E,35.2164581,-97.4142878,0,False
3/1/2024 9:22,2024-00003333,4100 N FLOOD AVE,Fire Alarm,14005,6,9,52,7,NW,35.2685652,-97.4799549,0,False
3/1/2024 9:23,2024-00014893,4019 N FLOOD AVE,Alarm,OK0140200,6,9,52,10,NW,35.2681844,-97.4780128,0,False
3/1/2024 9:52,2024-00014895,201 REED AVE,Trespassing,OK0140200,6,9,8,7,E,35.2239004,-97.4284919,0,False
3/1/2024 10:00,2024-00014897,2601 SUMMIT CROSSING PKWY,Vandalism,OK0140200,6,10,52,48,E,35.2126779,-97.404016,0,False
3/1/2024 10:02,2024-00003334,1330 12TH AVE SE,Chest Pain,14005,6,10,14,32,SE,35.20274819999999,-97.4236607,0,True
3/1/2024 10:02,2024-00004402,1330 12TH AVE SE,Chest Pain,EMSSTAT,6,10,14,32,SE,35.20274819999999,-97.4236607,0,True
3/1/2024 10:05,2024-00003335,301 TRIAD VILLAGE DR,Heart Problems/AICD,14005,6,10,4,21,E,35.2152333,-97.4192932,0,True
3/1/2024 10:05,2024-00004403,301 TRIAD VILLAGE DR,Heart Problems/AICD,EMSSTAT,6,10,4,21,E,35.2152333,-97.4192932,0,True
3/1/2024 10:10,2024-00014896,2500 MEADOWOOD BLVD,Parking Problem,OK0140200,6,10,52,21,E,35.2086714,-97.4037501,0,False
3/1/2024 10:11,2024-00003336,1906 FILLMORE AVE,Headache,14005,6,10,14,21,SW,35.1957724,-97.48005669999999,0,True
3/1/2024 10:11,2024-00004404,1906 FILLMORE AVE,Headache,EMSSTAT,6,10,14,21,SW,35.1957724,-97.48005669999999,0,True
3/1/2024 10:16,2024-00014912,930 ED NOBLE DR,Supplement Report,OK0140200,6,10,14,14,W,35.2072166,-97.4831675,0,False
3/1/2024 10:26,2024-00003337,113 CRESTLAND DR,Breathing Problems,14005,6,10,14,37,E,35.2195191,-97.4131051,0,True
3/1/2024 10:26,2024-00004406,113 CRESTLAND DR,Breathing Problems,EMSSTAT,6,10,14,37,E,35.2195191,-97.4131051,0,True
3/1/2024 10:29,2024-00014899,W IMHOFF RD / JENKINS AVE,MVA Non Injury,OK0140200,6,10,52,18,SW,35.1893788,-97.4603055,0,False
3/1/2024 10:35,2024-00004407,300 W IMHOFF RD,Stand By EMS,EMSSTAT,6,10,52,16,SW,35.1893788,-97.4603055,0,True
3/1/2024 10:37,2024-00014900,"215 N PONCA AVE, NORMAN",Follow Up,OK0140200,6,10,14,21,NE,35.2248843,-97.4385263,0,False
3/1/2024 10:40,2024-00014901,250 N COCKREL AVE,Mutual Aid,OK0140200,6,10,14,37,NE,35.2260393,-97.435537,0,False
3/1/2024 10:40,2024-00003338,315 WHITE ST,Fire Alarm,14005,6,10,52,7,S,35.21316400000001,-97.4442838,0,False
3/1/2024 10:42,2024-00014902,443 W GRAY ST,Suspicious,OK0140200,6,10,52,9,W,35.2195788,-97.4506858,0,False
3/1/2024 10:47,2024-00003339,1330 ALAMEDA ST,Falls,14005,6,10,14,3,E,35.2179538,-97.4201803,0,True
3/1/2024 10:47,2024-00004408,1330 ALAMEDA ST,Falls,EMSSTAT,6,10,14,3,E,35.2179538,-97.4201803,0,True
3/1/2024 10:49,2024-00014903,NANTUCKET BLVD / N PORTER AVE,Suspicious,OK0140200,6,10,52,9,N,35.2569907,-97.4412525,0,False
3/1/2024 10:52,2024-00014928,3301 W TECUMSEH RD,Fraud,OK0140200,6,10,52,21,NW,35.2624838,-97.4911836,0,False
3/1/2024 10:58,2024-00014904,N FLOOD AVE / W TONHAWA ST,Contact a Subject,OK0140200,6,10,52,6,W,35.2202538,-97.45303949999999,0,False
3/1/2024 10:58,2024-00014905,E TECUMSEH RD / 48TH AVE NE,Animal at Large,OK0140200,6,10,52,21,NE,35.2617114,-97.3707896,0,False
3/1/2024 10:59,2024-00014906,809 BRITTANY CT,Animal Dead,OK0140200,6,10,52,48,W,35.2285057,-97.4999584,0,False
3/1/2024 11:05,2024-00014911,1810 VANESSA DR,Animal Injured,OK0140200,6,11,52,21,E,35.2202991,-97.41361189999999,0,False
3/1/2024 11:15,2024-00014908,I35 SB OFF RAMP 110B RAMP / W ROBINSON ST,Check Area,OK0140200,6,11,52,14,W,35.2328241,-97.4944951,0,False
3/1/2024 11:17,2024-00014917,225 INTERSTATE DR,Larceny,OK0140200,6,11,52,11,NW,35.2446281,-97.4849714,0,False
3/1/2024 11:27,2024-00014909,ALAMEDA ST / TRIAD VILLAGE DR,Traffic Stop,OK0140200,6,11,52,1,E,35.2183606,-97.4214104,0,False
3/1/2024 11:31,2024-00014910,1014 DRAKE DR,Disturbance/Domestic,OK0140200,6,11,52,4,SE,35.2020652,-97.4258409,0,False
3/1/2024 11:35,2024-00014913,3651 CLASSEN BLVD,Animal at Large,OK0140200,6,11,52,21,SE,35.1739451,-97.40873359999999,0,False
3/1/2024 11:41,2024-00014914,N PETERS AVE / E MOSIER ST,Suspicious,OK0140200,6,11,52,9,N,35.231473,-97.444423,0,False
3/1/2024 11:42,2024-00014915,1427 CHERRY STONE ST,Animal Trapped,OK0140200,6,11,52,16,SW,35.2017841,-97.46266779999999,0,False
3/1/2024 11:49,2024-00004414,901 N PORTER AVE,Transfer/Interfacility,EMSSTAT,6,11,1,2,NE,35.2301496,-97.43914960000001,0,True
3/1/2024 11:56,2024-00004409,2500 JENKINS AVE,Stand By EMS,EMSSTAT,6,11,52,16,S,35.1947802,-97.4417747,0,True
3/1/2024 11:58,2024-00014916,104 W DALE ST,Contact a Subject,OK0140200,6,11,52,6,N,35.2332171,-97.4465232,0,False
3/1/2024 11:59,2024-00003340,3300 HEALTHPLEX PKWY,Fire Alarm,14005,6,11,2,7,W,35.21418,-97.49280999999999,0,False
3/1/2024 12:00,2024-00014918,3860 24TH AVE NE,Disturbance/Domestic,OK0140200,6,12,52,4,NE,35.2643735,-97.4061289,0,False
3/1/2024 12:01,2024-00003341,1122 24TH AVE SW,Falls,14005,6,12,14,3,SW,35.2048208,-97.4770739,0,True
3/1/2024 12:01,2024-00004411,1122 24TH AVE SW,Falls,EMSSTAT,6,12,14,3,SW,35.2048208,-97.4770739,0,True
3/1/2024 12:06,2024-00014919,CLASSEN BLVD / E CEDAR LANE RD,Animal at Large,OK0140200,6,12,52,21,SE,35.1751393,-97.4127883,0,False
3/1/2024 12:08,2024-00004412,2500 S JENKINS AVE,Stand By EMS,EMSSTAT,6,12,52,16,S,35.1947802,-97.4417747,0,True
3/1/2024 12:09,2024-00004413,901 N PORTER AVE,Transfer/Interfacility,EMSSTAT,6,12,1,2,NE,35.2301496,-97.43914960000001,0,True
3/1/2024 12:17,2024-00014920,3212 POCASSET CIR,Animal Trapped,OK0140200,6,12,52,16,N,35.2580467,-97.43859619999999,0,False
3/1/2024 12:18,2024-00003342,808 HAWKS NEST DR,Fire Alarm,14005,6,12,52,7,S,35.1735685,-97.4291573,0,False
3/1/2024 12:29,2024-00014921,3104 WOODCREST CREEK DR,Animal at Large,OK0140200,6,12,14,21,N,35.2563768,-97.4353046,0,False
3/1/2024 12:34,2024-00014922,1226 CLASSEN BLVD,Suspicious,OK0140200,6,12,14,9,SE,35.2115696,-97.436889,0,False
3/1/2024 12:36,2024-00014923,156TH AVE SE / STATE HWY 9 HWY,Motorist Assist,OK0140200,6,12,52,32,E,35.2177976,-97.21500879999999,0,False
3/1/2024 12:40,2024-00003343,108 E DALE ST,Fire Residential,14005,6,12,14,37,N,35.2332363,-97.4454959,0,True
3/1/2024 12:40,2024-00004415,108 E DALE ST,Fire Residential,EMSSTAT,6,12,14,37,N,35.2332363,-97.4454959,0,True
3/1/2024 12:44,2024-00003344,3908 SPARKLE ST,Headache,14005,6,12,14,21,NW,35.2588746,-97.4988166,0,True
3/1/2024 12:44,2024-00004416,3908 SPARKLE ST,Headache,EMSSTAT,6,12,14,21,NW,35.2588746,-97.4988166,0,True
3/1/2024 12:50,2024-00014939,PAGE CIR / PAGE ST,Check Area,OK0140200,6,12,52,14,SE,35.208701,-97.4378246,0,False
3/1/2024 12:50,2024-00014924,814 WOODS AVE,Disturbance/Domestic,OK0140200,6,12,14,4,W,35.2283845,-97.461907,0,False
3/1/2024 12:50,2024-00014925,814 WOODS AVE,Disturbance/Domestic,OK0140200,6,12,14,4,W,35.2283845,-97.461907,0,False
3/1/2024 12:56,2024-00003345,910 EAGLEROCK LN,Falls,14005,6,12,14,3,N,35.2585479,-97.45582069999999,0,True
3/1/2024 12:56,2024-00004417,910 EAGLEROCK LN,Falls,EMSSTAT,6,12,14,3,N,35.2585479,-97.45582069999999,0,True
3/1/2024 13:05,2024-00014927,209 CHALMETTE DR,Trespassing,OK0140200,6,13,8,7,E,35.2164581,-97.4142878,0,False
3/1/2024 13:09,2024-00014926,2735 CABIN RD,Animal Complaint,OK0140200,6,13,52,32,E,35.2512611,-97.20220169999999,0,False
3/1/2024 13:21,2024-00014943,1214 CLEARWATER DR,Contact a Subject,OK0140200,6,13,52,6,SE,35.202926,-97.4009074,0,False
3/1/2024 13:27,2024-00014930,1400 24TH AVE NW,Larceny,OK0140200,6,13,52,11,W,35.2363971,-97.48316400000002,0,False
3/1/2024 13:27,2024-00014929,3954 CLASSEN BLVD,Traffic Stop,OK0140200,6,13,52,1,SE,35.1721789,-97.4110575,0,False
3/1/2024 13:28,2024-00003346,2550 W FRANKLIN RD,Overdose/Poisoning,14005,6,13,8,37,NW,35.2746784,-97.47820310000002,0,True
3/1/2024 13:28,2024-00004418,2550 W FRANKLIN RD,Overdose/Poisoning,EMSSTAT,6,13,8,37,NW,35.2746784,-97.47820310000002,0,True
3/1/2024 13:30,2024-00014946,769 ASP AVE,Missing Person,OK0140200,6,13,14,48,S,35.2115683,-97.44350179999999,0,False
3/1/2024 13:30,2024-00014931,2081 24TH AVE NW,Welfare Check,OK0140200,6,13,52,4,NW,35.2426054,-97.4801289,0,False
3/1/2024 13:31,2024-00014937,601 12TH AVE NE,Welfare Check,OK0140200,6,13,52,4,E,35.2260861,-97.42080250000001,0,False
3/1/2024 13:36,2024-00014932,1670 N FLOOD AVE,Traffic Stop,OK0140200,6,13,52,1,NW,35.2350355,-97.4537341,0,False
3/1/2024 13:38,2024-00014954,2550 MOUNT WILLIAMS DR,Larceny,OK0140200,6,13,14,11,NW,35.2374298,-97.47887949999999,0,False
3/1/2024 13:40,2024-00014933,1210 W ROBINSON ST,Traffic Stop,OK0140200,6,13,52,1,NW,35.2327265,-97.4593287,0,False
3/1/2024 13:40,2024-00014934,123 W ROCK CREEK RD,COP DDACTS,OK0140200,6,13,52,37,N,35.2474129,-97.4430352,0,False
3/1/2024 13:40,2024-00014949,710 DEANS ROW AVE,Burglary,OK0140200,6,13,52,18,S,35.2137245,-97.4428046,0,False
3/1/2024 13:40,2024-00003347,809 N FINDLAY AVE,Fire Alarm,14005,6,13,14,7,NE,35.2315462,-97.4371675,0,False
3/1/2024 13:41,2024-00004429,901 N PORTER AVE,Transfer/Interfacility,EMSSTAT,6,13,1,2,NE,35.2301496,-97.43914960000001,0,True
3/1/2024 13:43,2024-00003348,809 N FINDLAY AVE,Fire Alarm,14005,6,13,14,7,NE,35.2315462,-97.4371675,0,False
3/1/2024 13:44,2024-00014938,2900 W ROBINSON ST,Welfare Check,OK0140200,6,13,52,4,W,35.2328892,-97.48416300000001,0,False
3/1/2024 13:45,2024-00014935,1231 24TH AVE NE,COP DDACTS,OK0140200,6,13,52,37,E,35.2338232,-97.4058118,0,False
3/1/2024 13:46,2024-00014941,1226 CLASSEN BLVD,Trespassing,OK0140200,6,13,14,7,SE,35.2115696,-97.436889,0,False
3/1/2024 13:46,2024-00014936,500 EMERALD WAY,Parking Problem,OK0140200,6,13,52,21,S,35.1996073,-97.4479346,0,False
3/1/2024 13:48,2024-00014952,1550 24TH AVE NW,Larceny,OK0140200,6,13,14,11,NW,35.2376732,-97.48391079999999,0,False
3/1/2024 13:48,2024-00003349,2818 CLASSEN BLVD,Hemorrhage/Lacerations,14005,6,13,14,37,SE,35.1891357,-97.42220789999999,0,True
3/1/2024 13:48,2024-00004419,2818 CLASSEN BLVD,Hemorrhage/Lacerations,EMSSTAT,6,13,14,37,SE,35.1891357,-97.42220789999999,0,True
3/1/2024 13:55,2024-00014940,800 N PETERS AVE,Mutual Aid,OK0140200,6,13,52,37,N,35.2281791,-97.4448118,0,False
3/1/2024 13:56,2024-00014942,125 VICKSBURG AVE,Contact a Subject,OK0140200,6,13,52,6,E,35.2145377,-97.40974729999999,0,False
3/1/2024 13:58,2024-00014945,761 JENKINS AVE,Public Intoxication,OK0140200,6,13,52,21,S,35.2119579,-97.4409876,0,False
3/1/2024 14:05,2024-00014944,968 24TH AVE NE,Traffic Stop,OK0140200,6,14,52,1,E,35.2297755,-97.40697519999999,0,False
3/1/2024 14:13,2024-00014950,BNSF RR / W ACRES ST,Check Area,OK0140200,6,14,52,14,NW,35.2255939,-97.4523816,0,False
3/1/2024 14:13,2024-00004420,1818 W LINDSEY ST,Transfer/Interfacility,EMSSTAT,6,14,52,2,SW,35.2027399,-97.4696671,1,True
3/1/2024 14:15,2024-00014947,2330 CLASSEN BLVD,Traffic Stop,OK0140200,6,14,52,1,SE,35.1967015,-97.42694329999999,1,False
3/1/2024 14:20,2024-00014948,2841 CLASSEN BLVD,COP Problem Solving,OK0140200,6,14,52,48,SE,35.1885642,-97.4208003,1,False
3/1/2024 14:27,2024-00014951,2536 CLASSEN BLVD,Traffic Stop,OK0140200,6,14,52,1,SE,35.193143,-97.4250409,1,False
3/1/2024 14:33,2024-00003350,211 E MAIN ST,Falls,14005,6,14,14,3,NE,35.2219991,-97.4415369,0,True
3/1/2024 14:33,2024-00004421,211 E MAIN ST,Falls,EMSSTAT,6,14,14,3,NE,35.2219991,-97.4415369,0,True
3/1/2024 14:35,2024-00014953,E LINDSEY ST / JENKINS AVE,Contact a Subject,OK0140200,6,14,52,6,S,35.2038462,-97.4412839,1,False
3/1/2024 14:37,2024-00004422,901 N PORTER AVE,Transfer/Interfacility,EMSSTAT,6,14,1,2,NE,35.2301496,-97.43914960000001,0,True
3/1/2024 14:38,2024-00003351,3402 CRAMPTON GAP WAY,Fire Alarm,14005,6,14,52,7,N,35.258905,-97.450825,0,False
3/1/2024 14:40,2024-00014956,3015 TULIP CIR,Animal Injured,OK0140200,6,14,52,21,E,35.1831927,-97.2934748,0,False
3/1/2024 14:41,2024-00014955,1809 STUBBEMAN AVE,Fight,OK0140200,6,14,14,48,N,35.2406535,-97.4487841,0,False
3/1/2024 14:42,2024-00014957,2611 BRIARCLIFF,Animal Vicious,OK0140200,6,14,52,48,NE,35.251072,-97.41572389999999,0,False
3/1/2024 14:45,2024-00003352,ARKANSAS ST / 12TH AVE SE,MVA With Injuries,14005,6,14,8,13,SE,35.2070208,-97.4236272,1,True
3/1/2024 14:45,2024-00004423,ARKANSAS ST / 12TH AVE SE,MVA With Injuries,EMSSTAT,6,14,8,13,SE,35.2070208,-97.4236272,1,True
3/1/2024 14:45,2024-00014959,ARKANSAS ST / 12TH AVE SE,MVA Non Injury,OK0140200,6,14,8,18,SE,35.2070208,-97.4236272,1,True
3/1/2024 14:45,2024-00014958,PARSONS ST / CHAUTAUQUA AVE,Parking Problem,OK0140200,6,14,52,21,SW,35.20569070000001,-97.45012609999999,1,False
3/1/2024 14:50,2024-00014960,1550 24TH AVE NW,Larceny,OK0140200,6,14,14,11,NW,35.2376732,-97.48391079999999,0,False
3/1/2024 15:12,2024-00014962,1616 ALAMEDA ST,Welfare Check,OK0140200,6,15,52,4,E,35.2176361,-97.4187393,1,False
3/1/2024 15:15,2024-00014961,9850 E BOYD ST,Animal Trapped,OK0140200,6,15,52,16,E,35.210646,-97.2964178,0,False
3/1/2024 15:18,2024-00014963,1502 E LINDSEY ST,Animal Complaint,OK0140200,6,15,52,32,SE,35.20330879999999,-97.41854389999999,1,False
3/1/2024 15:24,2024-00014964,E ROBINSON ST / N PORTER AVE,Welfare Check,OK0140200,6,15,52,4,N,35.2328658,-97.4411099,3,False
3/1/2024 15:33,2024-00004425,3300 HEALTHPLEX PKWY,Transfer/Interfacility,EMSSTAT,6,15,2,2,W,35.21418,-97.49280999999999,1,True
3/1/2024 15:34,2024-00014965,N FLOOD AVE / W MAIN ST,Suspicious,OK0140200,6,15,52,9,W,35.2183908,-97.45302699999999,1,False
3/1/2024 15:34,2024-00004424,3300 HEALTHPLEX PKWY,Transfer/Interfacility,EMSSTAT,6,15,2,2,W,35.21418,-97.49280999999999,1,True
3/1/2024 15:40,2024-00014966,809 BILOXI DR,Runaway or Lost Child,OK0140200,6,15,52,21,SE,35.2080827,-97.41865229999999,1,False
3/1/2024 15:41,2024-00014976,2808 DEWEY AVE,Harassment / Threats Report,OK0140200,6,15,52,21,S,35.1890504,-97.4322216,1,False
3/1/2024 15:45,2024-00014994,516 DALTON LN,Hit and Run,OK0140200,6,15,52,32,S,35.1737465,-97.4332132,1,False
3/1/2024 15:47,2024-00014967,201 REED AVE,Disturbance/Domestic,OK0140200,6,15,8,4,E,35.2239004,-97.4284919,3,False
3/1/2024 15:49,2024-00014968,1109 N PORTER AVE,Animal Injured,OK0140200,6,15,52,21,N,35.2316379,-97.4406285,3,False
3/1/2024 15:55,2024-00004426,2900 JENKINS AVE,Stand By EMS,EMSSTAT,6,15,14,16,SE,35.196793,-97.43155399999999,1,True
3/1/2024 15:56,2024-00014970,736 NANCY LYNN TER,Check Area,OK0140200,6,15,52,14,SW,35.20943520000001,-97.470826,1,False
3/1/2024 15:58,2024-00014969,"215 N PONCA AVE, NORMAN",Follow Up,OK0140200,6,15,14,21,NE,35.2248843,-97.4385263,3,False
3/1/2024 15:58,2024-00003353,2200 W MAIN ST,Stroke,14005,6,15,14,48,W,35.2178705,-97.4742026,1,True
3/1/2024 15:58,2024-00004427,2200 W MAIN ST,Sick Person,EMSSTAT,6,15,14,11,W,35.2178705,-97.4742026,1,True
3/1/2024 16:01,2024-00003354,1719 24TH AVE SW,Unconscious/Fainting,14005,6,16,14,18,SW,35.1983021,-97.47590749999999,0,True
3/1/2024 16:01,2024-00004428,1719 24TH AVE SW,Unconscious/Fainting,EMSSTAT,6,16,14,18,SW,35.1983021,-97.47590749999999,0,True
3/1/2024 16:01,2024-00014972,2552 WEYMOUTH WAY,Suspicious,OK0140200,6,16,52,9,N,35.2521071,-97.4407914,0,False
3/1/2024 16:05,2024-00014973,333 E BROOKS ST,Alarm,OK0140200,6,16,14,10,SE,35.208095,-97.4375017,0,False
3/1/2024 16:07,2024-00014975,1501 72ND AVE NE,Animal Trapped,OK0140200,6,16,52,16,E,35.2375619,-97.3312448,0,False
3/1/2024 16:11,2024-00014971,1809 STUBBEMAN AVE,COP Relationships,OK0140200,6,16,14,48,N,35.2406535,-97.4487841,0,False
3/1/2024 16:13,2024-00014974,24TH AVE NW / W MAIN ST,Contact a Subject,OK0140200,6,16,52,6,W,35.2183478,-97.4766073,0,False
3/1/2024 16:30,2024-00014977,3099 60TH AVE NW,Traffic Stop,OK0140200,6,16,52,1,W,35.254501,-97.52850099999999,0,False
3/1/2024 16:31,2024-00014981,250 N COCKREL AVE,Contact a Subject,OK0140200,6,16,14,6,NE,35.2260393,-97.435537,0,False
3/1/2024 16:32,2024-00014979,DRAKE DR / CLASSEN BLVD,MVA Non Injury,OK0140200,6,16,52,18,SE,35.2013494,-97.4293847,0,False
3/1/2024 16:40,2024-00003355,109 W GRAY ST,Falls,14005,6,16,14,3,NW,35.2218022,-97.44486169999999,0,True
3/1/2024 16:40,2024-00004430,109 W GRAY ST,Falls,EMSSTAT,6,16,14,3,NW,35.2218022,-97.44486169999999,0,True
3/1/2024 16:42,2024-00014978,4511 60TH AVE NW,Traffic Stop,OK0140200,6,16,52,1,NW,35.2728559,-97.52909849999999,0,False
3/1/2024 16:44,2024-00014980,201 REED AVE,Trespassing,OK0140200,6,16,8,7,E,35.2239004,-97.4284919,0,False
3/1/2024 16:44,2024-00003356,2901 OAK TREE AVE,Falls,14005,6,16,4,3,SE,35.1852921,-97.42220789999999,0,True
3/1/2024 16:44,2024-00004431,2901 OAK TREE AVE,Falls,EMSSTAT,6,16,4,3,SE,35.1852921,-97.42220789999999,0,True
3/1/2024 16:48,2024-00014982,2710 SHORERIDGE AVE,Open Door/Premises Check,OK0140200,6,16,52,37,SW,35.19162439999999,-97.4749731,0,False
3/1/2024 16:56,2024-00003357,301 TRIAD VILLAGE DR,Falls,14005,6,16,4,3,E,35.2152333,-97.4192932,0,True
3/1/2024 16:56,2024-00004432,301 TRIAD VILLAGE DR,Falls,EMSSTAT,6,16,4,3,E,35.2152333,-97.4192932,0,True
3/1/2024 17:03,2024-00014986,333 INTERSTATE DR,Larceny,OK0140200,6,17,52,11,NW,35.2446281,-97.4849714,0,False
3/1/2024 17:04,2024-00014983,2619 QUANAH PARKER TRL,Disturbance/Domestic,OK0140200,6,17,52,4,NE,35.2507846,-97.4262522,0,False
3/1/2024 17:07,2024-00014987,1030 MISSOURI ST,Animal Complaint,OK0140200,6,17,52,32,SE,35.204488,-97.42593149999999,0,False
3/1/2024 17:07,2024-00014984,1243 ALAMEDA ST,Traffic Stop,OK0140200,6,17,52,1,E,35.2192252,-97.42129249999999,0,False
3/1/2024 17:08,2024-00015025,3301 W MAIN ST,Fraud,OK0140200,6,17,52,21,W,35.2194219,-97.49122589999999,0,False
3/1/2024 17:09,2024-00014985,911 W MAIN ST,Contact a Subject,OK0140200,6,17,14,6,W,35.2190497,-97.4560563,0,False
3/1/2024 17:16,2024-00014992,RIDGE LAKE BLVD / SUMMIT CROSSING PKWY,Hit and Run,OK0140200,6,17,52,32,E,35.2118484,-97.3970615,0,False
3/1/2024 17:19,2024-00015022,930 ED NOBLE DR,Supplement Report,OK0140200,6,17,14,14,W,35.2072166,-97.4831675,0,False
3/1/2024 17:24,2024-00014993,333 E BROOKS ST,Check Area,OK0140200,6,17,14,14,SE,35.208095,-97.4375017,0,False
3/1/2024 17:26,2024-00014988,1201 ALAMEDA ST,Traffic Stop,OK0140200,6,17,14,1,E,35.218797,-97.4231373,0,False
3/1/2024 17:28,2024-00014989,351 E ROBINSON ST,Trespassing,OK0140200,6,17,52,7,N,35.2332562,-97.4415799,0,False
3/1/2024 17:31,2024-00014990,1216 36TH AVE NW,Traffic Stop,OK0140200,6,17,52,1,W,35.2333732,-97.4945517,0,False
3/1/2024 17:40,2024-00014991,7296 E FRANKLIN RD,Traffic Stop,OK0140200,6,17,52,1,NE,35.2756565,-97.3357804,0,False
3/1/2024 17:40,2024-00004433,901 N PORTER AVE,Transfer/Interfacility,EMSSTAT,6,17,1,2,NE,35.2301496,-97.43914960000001,0,True
3/1/2024 17:40,2024-00014995,605 PEREGRINE DR,Larceny,OK0140200,6,17,52,11,S,35.1747867,-97.4319246,0,False
3/1/2024 17:41,2024-00014997,317 WHITE ST,Trespassing,OK0140200,6,17,52,7,S,35.213128,-97.44451579999999,0,False
3/1/2024 17:47,2024-00015026,4309 MONTICELLO RD,Contact a Subject,OK0140200,6,17,52,6,W,35.220583,-97.5050649,0,False
3/1/2024 17:49,2024-00015003,901 N PORTER AVE,Escort/Transport,OK0140200,6,17,1,48,NE,35.2301496,-97.43914960000001,0,False
3/1/2024 17:56,2024-00015004,215 N PONCA AVE,Harassment / Threats Report,OK0140200,6,17,52,21,NE,35.2248843,-97.4385263,0,False
3/1/2024 17:56,2024-00014996,4803 HOSHALL AVE,Traffic Stop,OK0140200,6,17,52,1,NE,35.2762573,-97.3339472,0,False
3/1/2024 18:01,2024-00014998,131 24TH AVE NW,Traffic Stop,OK0140200,6,18,52,1,W,35.2196838,-97.4762385,0,False
3/1/2024 18:03,2024-00014999,E BOYD ST / CLASSEN BLVD,Welfare Check,OK0140200,6,18,52,4,SE,35.2111428,-97.4364195,0,False
3/1/2024 18:07,2024-00015002,901 N PORTER AVE,Welfare Check,OK0140200,6,18,1,4,NE,35.2301496,-97.43914960000001,0,False
3/1/2024 18:08,2024-00015000,1321 N PORTER AVE,Traffic Stop,OK0140200,6,18,52,1,N,35.2340237,-97.4411327,0,False
3/1/2024 18:09,2024-00015001,SHILOH DR / BRANDON CIR,Traffic Stop,OK0140200,6,18,52,1,E,35.21628200000001,-97.416393,0,False
3/1/2024 18:13,2024-00015005,N FLOOD AVE / W ROBINSON ST,Hit and Run,OK0140200,6,18,52,32,NW,35.2330288,-97.4533029,0,False
3/1/2024 18:21,2024-00015006,401 W MAIN ST,Alarm,OK0140200,6,18,52,10,W,35.2191061,-97.4486573,0,False
3/1/2024 18:22,2024-00003358,1650 24TH AVE NW,Fire Alarm,14005,6,18,52,7,NW,35.2388925,-97.48420680000001,0,False
3/1/2024 18:31,2024-00003359,15700 E STATE HWY 9 HWY,Sick Person,14005,6,18,14,11,E,35.189222,-97.3240539,0,True
3/1/2024 18:31,2024-00004434,15700 E STATE HWY 9 HWY,Sick Person,EMSSTAT,6,18,14,11,E,35.189222,-97.3240539,0,True
3/1/2024 18:32,2024-00015007,7550 VISTA SPRINGS DR,Alarm Holdup/Panic,OK0140200,6,18,52,32,E,35.2305806,-97.3293358,0,False
3/1/2024 18:35,2024-00015008,101 N PORTER AVE,Runaway or Lost Child,OK0140200,6,18,52,21,NE,35.223089,-97.43908619999999,0,False
3/1/2024 18:44,2024-00015009,1820 LEGACY PARK DR,Traffic Stop,OK0140200,6,18,52,1,SW,35.2160079,-97.44797,0,False
3/1/2024 18:47,2024-00003360,4000 THUNDERBIRD ST,Convulsion/Seizure,14005,6,18,14,37,NW,35.2665028,-97.48359099999999,0,True
3/1/2024 18:47,2024-00004435,4000 THUNDERBIRD ST,Convulsion/Seizure,EMSSTAT,6,18,14,37,NW,35.2665028,-97.48359099999999,0,True
3/1/2024 18:53,2024-00015010,1673 24TH AVE NW,Suspicious,OK0140200,6,18,52,9,NW,35.2393814,-97.4814797,0,False
3/1/2024 19:04,2024-00003361,QUAIL CREEK DR / E STATE HWY 9 HWY,MVA With Injuries,14005,6,19,2,13,E,35.1892251,-97.3301757,0,True
3/1/2024 19:04,2024-00004436,QUAIL CREEK DR / E STATE HWY 9 HWY,MVA With Injuries,EMSSTAT,6,19,2,13,E,35.1892251,-97.3301757,0,True
3/1/2024 19:04,2024-00004437,QUAIL CREEK DR / E STATE HWY 9 HWY,MVA With Injuries,EMSSTAT,6,19,2,13,E,35.1892251,-97.3301757,0,True
3/1/2024 19:04,2024-00004446,QUAIL CREEK DR / E STATE HWY 9 HWY,MVA With Injuries,EMSSTAT,6,19,2,13,E,35.1892251,-97.3301757,0,True
3/1/2024 19:04,2024-00004447,QUAIL CREEK DR / E STATE HWY 9 HWY,MVA With Injuries,EMSSTAT,6,19,2,13,E,35.1892251,-97.3301757,0,True
3/1/2024 19:04,2024-00015011,QUAIL CREEK DR / E STATE HWY 9 HWY,MVA With Injuries,OK0140200,6,19,2,13,E,35.1892251,-97.3301757,0,True
3/1/2024 19:13,2024-00015012,201 W GRAY ST,Follow Up,OK0140200,6,19,52,21,NW,35.2229932,-97.446108,0,False
3/1/2024 19:13,2024-00015013,1411 REBECCA LN,Disturbance/Domestic,OK0140200,6,19,52,4,SW,35.2026293,-97.4621183,0,False
3/1/2024 19:16,2024-00003362,744 ELM AVE,Fire Alarm,14005,6,19,52,7,S,35.2059415,-97.4483729,0,False
3/1/2024 19:31,2024-00015014,207 E MAIN ST,Alarm Holdup/Panic,OK0140200,6,19,14,32,NE,35.2218241,-97.4416349,0,False
3/1/2024 19:36,2024-00015020,901 N PORTER AVE,Check Area,OK0140200,6,19,1,14,NE,35.2301496,-97.43914960000001,0,False
3/1/2024 19:40,2024-00015015,207 E MAIN ST,Public Intoxication,OK0140200,6,19,14,21,NE,35.2218241,-97.4416349,0,False
3/1/2024 20:01,2024-00015016,817 BILOXI DR,Disturbance/Domestic,OK0140200,6,20,52,4,SE,35.208093,-97.4180682,0,False
3/1/2024 20:04,2024-00015021,2815 DEWEY AVE,Noise Complaint,OK0140200,6,20,52,37,S,35.1883015,-97.4319532,0,False
3/1/2024 20:04,2024-00003363,1050 RAMBLING OAKS DR,Heart Problems/AICD,14005,6,20,14,21,W,35.2308887,-97.4921562,0,True
3/1/2024 20:04,2024-00004438,1050 RAMBLING OAKS DR,Heart Problems/AICD,EMSSTAT,6,20,14,21,W,35.2308887,-97.4921562,0,True
3/1/2024 20:06,2024-00003364,1400 12TH AVE SE,Fire Alarm,14005,6,20,52,7,SE,35.2009281,-97.4241934,0,False
3/1/2024 20:06,2024-00015017,800 LEXINGTON ST,Disturbance/Domestic,OK0140200,6,20,14,4,NW,35.2400878,-97.4524333,0,False
3/1/2024 20:14,2024-00004439,901 N PORTER AVE,Transfer/Interfacility,EMSSTAT,6,20,1,2,NE,35.2301496,-97.43914960000001,0,True
3/1/2024 20:18,2024-00015019,3325 CHARDONNAY LN,Alarm,OK0140200,6,20,52,10,N,35.2596888,-97.4386146,0,False
3/1/2024 20:21,2024-00015018,401 12TH AVE SE,Welfare Check,OK0140200,6,20,52,4,E,35.2138913,-97.42237689999999,0,False
3/1/2024 21:02,2024-00004441,901 N PORTER AVE,Transfer/Interfacility,EMSSTAT,6,21,1,2,NE,35.2301496,-97.43914960000001,0,True
3/1/2024 21:03,2024-00004440,2900 JENKINS AVE,Stand By EMS,EMSSTAT,6,21,14,16,SE,35.196793,-97.43155399999999,0,True
3/1/2024 21:05,2024-00004442,700 S TELEPHONE RD,Transfer/Interfacility,EMSSTAT,6,21,52,2,NW,35.3327533,-97.4934248,0,True
3/1/2024 21:11,2024-00015023,731 W MAIN ST,Trespassing,OK0140200,6,21,52,7,W,35.2187623,-97.45423579999999,0,False
3/1/2024 21:12,2024-00003365,3001 PHEASANT RUN RD,Sick Person,14005,6,21,4,11,W,35.2362541,-97.48652609999999,0,True
3/1/2024 21:12,2024-00004443,3001 PHEASANT RUN RD,Sick Person,EMSSTAT,6,21,4,11,W,35.2362541,-97.48652609999999,0,True
3/1/2024 21:18,2024-00003366,1320 COLLEGE AVE,Fire Alarm,14005,6,21,52,7,S,35.1979985,-97.4494825,0,False
3/1/2024 21:20,2024-00015024,1412 LAKECREST DR,Disturbance/Domestic,OK0140200,6,21,52,4,NE,35.2354952,-97.41969700000001,0,False
3/1/2024 21:25,2024-00004444,901 N PORTER AVE,Transfer/Interfacility,EMSSTAT,6,21,1,2,NE,35.2301496,-97.43914960000001,0,True
3/1/2024 21:57,2024-00015027,W ROBINSON ST / N INTERSTATE DR,Road Rage,OK0140200,6,21,52,48,W,35.232898,-97.4827433,0,False
3/1/2024 22:11,2024-00015028,W LINDSEY ST / MCGEE DR,Traffic Stop,OK0140200,6,22,52,1,SW,35.2039173,-97.467801,0,False
3/1/2024 22:11,2024-00015060,RENAISSANCE DR / CLASSEN BLVD,Animal Injured,OK0140200,6,22,52,21,SE,35.1799802,-97.4158314,0,False
3/1/2024 22:19,2024-00015029,24TH AVE SW / BEVERLY HILLS ST,Traffic Stop,OK0140200,6,22,52,1,SW,35.2006307,-97.47668329999999,0,False
3/1/2024 22:21,2024-00004445,901 N PORTER AVE,Transfer/Interfacility,EMSSTAT,6,22,1,2,NE,35.2301496,-97.43914960000001,0,True
3/1/2024 22:23,2024-00015030,566 BUCHANAN AVE,Alarm,OK0140200,6,22,52,10,S,35.2123147,-97.4449554,0,False
3/1/2024 22:28,2024-00015031,12TH AVE NE / E ROBINSON ST,Drunk Driver,OK0140200,6,22,52,48,NE,35.2329344,-97.4235963,0,False
3/1/2024 22:29,2024-00015034,3001 PHEASANT RUN RD,Welfare Check,OK0140200,6,22,4,4,W,35.2362541,-97.48652609999999,0,False
3/1/2024 22:32,2024-00015032,1111 OAK TREE AVE,Contact a Subject,OK0140200,6,22,52,6,SE,35.1833456,-97.425023,0,False
3/1/2024 22:35,2024-00015033,960 ED NOBLE DR,Suspicious,OK0140200,6,22,52,9,W,35.206096,-97.483824,0,False
3/1/2024 22:50,2024-00015035,462 E BOYD ST,Traffic Stop,OK0140200,6,22,52,1,SE,35.2109107,-97.4367563,0,False
3/1/2024 22:53,2024-00015036,2409 GLEN OAKS DR,Runaway or Lost Child,OK0140200,6,22,52,21,SE,35.2015355,-97.40522820000001,0,False
3/1/2024 22:56,2024-00015037,1102 E MAIN ST,Traffic Stop,OK0140200,6,22,52,1,E,35.2256354,-97.4278966,0,False
3/1/2024 23:08,2024-00015038,627 RANCHO DR,Traffic Stop,OK0140200,6,23,52,1,E,35.216136,-97.42649569999999,0,False
3/1/2024 23:13,2024-00015039,CLASSEN BLVD / E BROOKS ST,Traffic Stop,OK0140200,6,23,52,1,SE,35.2074806,-97.4341094,0,False
3/1/2024 23:14,2024-00015040,N JAMES GARNER AVE / W MAIN ST,Traffic Stop,OK0140200,6,23,52,1,SW,35.2206782,-97.44391019999999,0,False
3/1/2024 23:19,2024-00015054,600 PARKSIDE DR,Check Area,OK0140200,6,23,52,14,W,35.226932,-97.504185,0,False
3/1/2024 23:22,2024-00015041,1157 24TH AVE NW,Traffic Stop,OK0140200,6,23,52,1,W,35.2326776,-97.4800102,0,False
3/1/2024 23:25,2024-00015042,2550 MOUNT WILLIAMS DR,Disturbance/Domestic,OK0140200,6,23,14,4,NW,35.2374298,-97.47887949999999,0,False
3/1/2024 23:29,2024-00015043,BILOXI DR / E BROOKS ST,Motorist Assist,OK0140200,6,23,52,32,SE,35.2072469,-97.419451,0,False
3/1/2024 23:29,2024-00015044,4701 HERITAGE PLACE DR,Disturbance/Domestic,OK0140200,6,23,52,4,W,35.2216193,-97.5108492,0,False
3/1/2024 23:39,2024-00015052,1112 E BOYD ST,Loud Party,OK0140200,6,23,52,48,SE,35.2113288,-97.42412999999999,0,False
3/1/2024 23:42,2024-00003367,529 BUCHANAN AVE,Assault EMS Needed,14005,6,23,8,37,S,35.21262110000001,-97.4444315,0,True
3/1/2024 23:42,2024-00004448,529 BUCHANAN AVE,Assault EMS Needed,EMSSTAT,6,23,8,37,S,35.21262110000001,-97.4444315,0,True
3/1/2024 23:42,2024-00015046,529 BUCHANAN AVE,Disturbance/Domestic,OK0140200,6,23,8,4,S,35.21262110000001,-97.4444315,0,True
3/1/2024 23:48,2024-00003368,1016 26TH AVE NW,Fire Alarm,14005,6,23,52,7,W,35.2309718,-97.4832343,0,False
3/1/2024 23:49,2024-00015049,901 N PORTER AVE,Suspicious,OK0140200,6,23,1,9,NE,35.2301496,-97.43914960000001,0,False
3/1/2024 23:50,2024-00015047,3001 PHEASANT RUN RD,Burglary,OK0140200,6,23,4,18,W,35.2362541,-97.48652609999999,0,False
3/1/2024 23:54,2024-00015048,W EUFAULA ST / S SANTA FE AVE,Traffic Stop,OK0140200,6,23,52,1,S,35.2181829,-97.4441609,0,False
3/1/2024 23:55,2024-00015057,11401 E INDIAN HILLS RD,Suspicious,OK0140200,6,23,52,9,NE,35.292173,-97.2723767,0,False
3/1/2024 23:59,2024-00015050,3450 CHAUTAUQUA AVE,Alarm,OK0140200,6,23,52,10,S,35.1811266,-97.451045,0,False
3/1/2024 23:59,2024-00004449,3300 HEALTHPLEX PKWY,Transfer/Interfacility,EMSSTAT,6,23,2,2,W,35.21418,-97.49280999999999,0,True
3/2/2024 0:04,2024-00015051,5251 108TH AVE NE,Contact a Subject,OK0140200,7,0,26,7,E,35.282297,-97.28134399999999,0,False
3/2/2024 0:14,2024-00015056,1328 REBECCA LN,Larceny,OK0140200,7,0,76,9,SW,35.2022327,-97.46134649999999,0,False
3/2/2024 0:16,2024-00003369,745 ASP AVE,Unconscious/Fainting,14005,7,0,8,6,S,35.2126156,-97.4434807,0,True
3/2/2024 0:16,2024-00004450,745 ASP AVE,Overdose/Poisoning,EMSSTAT,7,0,8,31,S,35.2126156,-97.4434807,0,True
3/2/2024 0:16,2024-00015053,745 ASP AVE,Medical Call Pd Requested,OK0140200,7,0,8,16,S,35.2126156,-97.4434807,0,True
3/2/2024 0:29,2024-00015055,2466 CLASSEN BLVD,Traffic Stop,OK0140200,7,0,76,1,SE,35.1944378,-97.4245244,0,False
3/2/2024 0:41,2024-00015058,400 BUCHANAN AVE,Foot Patrol,OK0140200,7,0,8,31,S,35.2147154,-97.44467619999999,0,False
3/2/2024 0:49,2024-00015061,950 ED NOBLE DR,Alarm,OK0140200,7,0,76,4,W,35.20666629999999,-97.4828115,0,False
3/2/2024 1:33,2024-00003371,2550 W FRANKLIN RD,Unconscious/Fainting,14005,7,1,4,6,NW,35.2746784,-97.47820310000002,0,True
3/2/2024 1:33,2024-00004452,2550 W FRANKLIN RD,Unconscious/Fainting,EMSSTAT,7,1,4,6,NW,35.2746784,-97.47820310000002,0,True
3/2/2024 1:36,2024-00015062,400 BUCHANAN AVE,Foot Patrol,OK0140200,7,1,8,31,S,35.2147154,-97.44467619999999,0,False
3/2/2024 1:36,2024-00015063,201 W GRAY ST,Pick Up Partner,OK0140200,7,1,8,53,NW,35.2229932,-97.446108,0,False
3/2/2024 1:40,2024-00003372,18500 HICKORY LN,Sick Person,14005,7,1,26,2,E,35.2845357,-97.2526343,0,True
3/2/2024 1:40,2024-00004453,18500 HICKORY LN,Sick Person,EMSSTAT,7,1,26,2,E,35.2845357,-97.2526343,0,True
3/2/2024 1:52,2024-00003373,6420 156TH AVE NE,Fire Vehicle,14005,7,1,26,31,E,35.2940258,-97.21289759999999,0,False
3/2/2024 1:52,2024-00015065,6420 156TH AVE NE,Assist Police,OK0140200,7,1,26,53,E,35.2940258,-97.21289759999999,0,False
3/2/2024 1:57,2024-00015064,3450 CHAUTAUQUA AVE,Alarm,OK0140200,7,1,26,4,S,35.1811266,-97.451045,0,False
3/2/2024 2:08,2024-00015066,3301 12TH AVE SE,Noise Complaint,OK0140200,7,2,26,4,SE,35.1772393,-97.4211941,0,False
3/2/2024 2:24,2024-00015067,207 E DAWS ST,Fight,OK0140200,7,2,76,39,N,35.224702,-97.4433962,0,False
3/2/2024 2:25,2024-00015068,3003 RIVER OAKS DR,Disturbance/Domestic,OK0140200,7,2,76,3,W,35.2218146,-97.4863632,0,False
3/2/2024 2:32,2024-00003374,600 CAROLYN RIDGE RD,Fire Electrical Check,14005,7,2,76,53,N,35.2623094,-97.4321569,0,False
3/2/2024 2:37,2024-00015070,3201 13TH PL,Noise Complaint,OK0140200,7,2,76,4,SE,35.1790842,-97.4196096,0,False
3/2/2024 2:46,2024-00015069,900 E LINDSEY ST,Noise Complaint,OK0140200,7,2,26,4,SE,35.2035277,-97.42810109999999,0,False
3/2/2024 2:57,2024-00003375,156TH AVE NE / E FRANKLIN RD,Unconscious/Fainting,14005,7,2,26,6,E,35.2755841,-97.2123496,0,True
3/2/2024 2:57,2024-00004454,156TH AVE NE / E FRANKLIN RD,Unconscious/Fainting,EMSSTAT,7,2,26,6,E,35.2755841,-97.2123496,0,True
3/2/2024 2:58,2024-00015075,511 FLEETWOOD DR,Noise Complaint,OK0140200,7,2,76,4,SE,35.1997031,-97.4346874,0,False
3/2/2024 2:59,2024-00015071,2404 W BROOKS ST,Suspicious,OK0140200,7,2,26,8,W,35.2067214,-97.47771080000001,0,False
3/2/2024 3:00,2024-00015074,1016 26TH AVE NW,Harassment / Threats Report,OK0140200,7,3,26,16,W,35.2309718,-97.4832343,0,False
3/2/2024 3:09,2024-00015072,201 REED AVE,Disturbance/Domestic,OK0140200,7,3,4,3,E,35.2239004,-97.4284919,0,False
3/2/2024 3:20,2024-00015073,E STATE HWY 9 HWY / 156TH AVE SE,Motorist Assist,OK0140200,7,3,76,39,E,35.1822074,-97.2124477,0,False
3/2/2024 3:21,2024-00004455,901 N PORTER AVE,Transfer/Interfacility,EMSSTAT,7,3,1,10,NE,35.2301496,-97.43914960000001,0,True
3/2/2024 3:32,2024-00015076,211 FOREMAN AVE,Disturbance/Domestic,OK0140200,7,3,76,3,W,35.2202116,-97.4629214,0,False
3/2/2024 3:32,2024-00004456,4554 W MAIN ST,Falls,EMSSTAT,7,3,76,10,W,35.2166023,-97.50988,0,True
3/2/2024 3:44,2024-00015077,2404 W BROOKS ST,Suspicious,OK0140200,7,3,26,8,W,35.2067214,-97.47771080000001,0,False
3/2/2024 4:27,2024-00015079,1310 STEAMBOAT WAY,Noise Complaint,OK0140200,7,4,76,4,SE,35.1929696,-97.4199388,0,False
3/2/2024 4:33,2024-00015078,W MAIN ST / THOMPSON DR,Contact a Subject,OK0140200,7,4,76,7,W,35.2184908,-97.4703583,0,False
3/2/2024 4:42,2024-00015080,3450 CHAUTAUQUA AVE,Alarm,OK0140200,7,4,26,4,S,35.1811266,-97.451045,0,False
3/2/2024 4:45,2024-00003376,3386 W ROBINSON ST,Fire Controlled Burn,14005,7,4,26,53,W,35.2323565,-97.491543,0,False
3/2/2024 4:45,2024-00015081,3386 W ROBINSON ST,Suspicious,OK0140200,7,4,26,8,W,35.2323565,-97.491543,0,False
3/2/2024 4:54,2024-00015082,1620 CADDELL LN,Trespassing,OK0140200,7,4,76,22,SW,35.2089451,-97.4656266,0,False
3/2/2024 4:57,2024-00015083,1016 26TH AVE NW,Harassment / Threats Report,OK0140200,7,4,26,16,W,35.2309718,-97.4832343,0,False
3/2/2024 5:53,2024-00015084,E HIMES ST / N PETERS AVE,Suspicious,OK0140200,7,5,76,8,N,35.23054,-97.4444219,0,False
3/2/2024 6:01,2024-00003377,402 MARGARET DR,Sick Person,14005,7,6,26,2,W,35.214267,-97.4686279,0,True
3/2/2024 6:01,2024-00004457,402 MARGARET DR,Sick Person,EMSSTAT,7,6,26,2,W,35.214267,-97.4686279,0,True
3/2/2024 6:24,2024-00015085,1591 N FLOOD AVE,Debris in Roadway,OK0140200,7,6,76,39,NW,35.2372274,-97.4544415,0,False
3/2/2024 6:37,2024-00003378,118 CRAWFORD CT,Sick Person,14005,7,6,26,2,N,35.2400831,-97.4425381,0,True
3/2/2024 6:37,2024-00004458,118 CRAWFORD CT,Sick Person,EMSSTAT,7,6,26,2,N,35.2400831,-97.4425381,0,True
3/2/2024 6:56,2024-00015086,201 W GRAY ST,911 Call Nature Unknown,OK0140200,7,6,8,53,NW,35.2229932,-97.446108,0,False
3/2/2024 7:01,2024-00003379,2500 MEADOWOOD BLVD,Sick Person,14005,7,7,26,2,E,35.2086714,-97.4037501,0,True
3/2/2024 7:01,2024-00004459,2500 MEADOWOOD BLVD,Sick Person,EMSSTAT,7,7,26,2,E,35.2086714,-97.4037501,0,True
3/2/2024 7:17,2024-00004460,151 W BROOKS AVE,Stand By EMS,EMSSTAT,7,7,76,16,S,35.2078223,-97.44226979999999,0,True
3/2/2024 7:19,2024-00015087,2007 W LINDSEY ST,Alarm,OK0140200,7,7,76,4,SW,35.2045007,-97.47062770000001,0,False
3/2/2024 7:26,2024-00015088,24TH AVE NE / NEWMAN DR,Traffic Stop,OK0140200,7,7,76,1,NE,35.2545092,-97.406109,0,False
3/2/2024 7:38,2024-00015089,ALAMEDA ST / 24TH AVE SE,Traffic Stop,OK0140200,7,7,76,1,E,35.2182653,-97.4060556,0,False
3/2/2024 7:40,2024-00015101,1820 E LINDSEY ST,Animal at Large,OK0140200,7,7,76,15,SE,35.20231190000001,-97.41465199999999,0,False
3/2/2024 7:50,2024-00015090,131 12TH AVE NE,Contact a Subject,OK0140200,7,7,76,7,E,35.2193204,-97.42298,0,False
3/2/2024 7:52,2024-00015091,24TH AVE NE / JACKSON DR,Traffic Stop,OK0140200,7,7,76,1,E,35.223659,-97.4059587,0,False
3/2/2024 7:56,2024-00015092,W ROCK CREEK RD / 24TH AVE NW,Traffic Stop,OK0140200,7,7,8,1,NW,35.2475271,-97.47888549999999,0,False
3/2/2024 7:59,2024-00015093,5251 108TH AVE NE,Contact a Subject,OK0140200,7,7,26,7,E,35.282297,-97.28134399999999,0,False
3/2/2024 8:00,2024-00015095,3290 CLASSEN BLVD,Animal Dead,OK0140200,7,8,76,31,SE,35.1785907,-97.4158717,0,False
3/2/2024 8:03,2024-00015094,24TH AVE NE / E ROBINSON ST,Traffic Stop,OK0140200,7,8,8,1,E,35.2327646,-97.40596400000001,0,False
3/2/2024 8:05,2024-00015099,1807 ROLLING STONE DR,Animal Trapped,OK0140200,7,8,76,22,SE,35.1965247,-97.4093038,0,False
3/2/2024 8:06,2024-00015096,950 E LINDSEY ST,Traffic Stop,OK0140200,7,8,76,1,SE,35.2035683,-97.42678,0,False
3/2/2024 8:08,2024-00015097,359 N JAMES GARNER AVE,Follow Up,OK0140200,7,8,76,22,SE,35.2182658,-97.44230859999999,0,False
3/2/2024 8:13,2024-00015098,2300 24TH AVE NW,Traffic Stop,OK0140200,7,8,1,1,NW,35.245578,-97.47974500000001,0,False
3/2/2024 8:19,2024-00015100,216 CHALMETTE DR,Follow Up,OK0140200,7,8,76,22,E,35.2155246,-97.41399179999999,0,False
3/2/2024 8:29,2024-00015102,10351 KIAMICHI CT,Alarm,OK0140200,7,8,76,4,E,35.242599,-97.2904727,0,False
3/2/2024 8:31,2024-00015103,HIGHLAND VILLAGE DR / N PORTER AVE,MVA Non Injury,OK0140200,7,8,76,16,N,35.2549579,-97.4412397,0,False
3/2/2024 8:31,2024-00004461,901 N PORTER AVE,Transfer/Interfacility,EMSSTAT,7,8,1,10,NE,35.2301496,-97.43914960000001,0,True
3/2/2024 8:33,2024-00015104,W ROCK CREEK RD / 24TH AVE NW,Traffic Stop,OK0140200,7,8,8,1,NW,35.2475271,-97.47888549999999,0,False
3/2/2024 8:37,2024-00015105,1903 ROLLING STONE DR,Animal Trapped,OK0140200,7,8,76,22,SE,35.1961886,-97.4121168,0,False
3/2/2024 8:38,2024-00015106,2300 24TH AVE NW,Traffic Stop,OK0140200,7,8,1,1,NW,35.245578,-97.47974500000001,0,False
3/2/2024 8:45,2024-00015107,206 E DAWS ST,Larceny,OK0140200,7,8,26,9,N,35.2243322,-97.4431377,0,False
3/2/2024 8:47,2024-00015109,418 IOWA ST,Larceny,OK0140200,7,8,76,9,NW,35.2238572,-97.450876,0,False
3/2/2024 8:51,2024-00015108,300 12TH AVE SE,Traffic Stop,OK0140200,7,8,76,1,E,35.2153238,-97.4240365,0,False
3/2/2024 8:53,2024-00015110,2550 24TH AVE NW,Traffic Stop,OK0140200,7,8,76,1,NW,35.247078,-97.47963759999999,0,False
3/2/2024 9:02,2024-00004462,400 W IMHOFF RD,Stand By EMS,EMSSTAT,7,9,76,16,S,35.1887324,-97.4512748,0,True
3/2/2024 9:05,2024-00015111,2201 E IMHOFF RD,Alarm,OK0140200,7,9,76,4,SE,35.1901506,-97.40843799999999,0,False
3/2/2024 9:06,2024-00015112,2300 24TH AVE NW,Traffic Stop,OK0140200,7,9,1,1,NW,35.245578,-97.47974500000001,0,False
3/2/2024 9:10,2024-00015113,2700 24TH AVE NW,Traffic Stop,OK0140200,7,9,76,1,NW,35.247078,-97.47963759999999,0,False
3/2/2024 9:16,2024-00015114,3104 WOODCREST CREEK DR,Check Area,OK0140200,7,9,76,16,N,35.2563768,-97.4353046,0,False
3/2/2024 9:18,2024-00015115,2300 24TH AVE NW,Traffic Stop,OK0140200,7,9,1,1,NW,35.245578,-97.47974500000001,0,False
3/2/2024 9:25,2024-00015116,2145 E ROCK CREEK RD,Traffic Stop,OK0140200,7,9,76,1,NE,35.2481123,-97.40743549999999,0,False
3/2/2024 9:28,2024-00015119,700 COPPERFIELD DR,Stolen Vehicle,OK0140200,7,9,76,22,W,35.2263819,-97.48774999999999,0,False
3/2/2024 9:29,2024-00015117,2677 W ROCK CREEK RD,Traffic Stop,OK0140200,7,9,76,1,NW,35.2478265,-97.48173820000001,0,False
3/2/2024 9:29,2024-00015118,12TH AVE NE / E ROCK CREEK RD,Mutual Aid,OK0140200,7,9,76,31,NE,35.2474427,-97.4235346,0,False
3/2/2024 9:32,2024-00004463,300 W IMHOFF RD,Stand By EMS,EMSSTAT,7,9,76,16,SW,35.1893788,-97.4603055,0,True
3/2/2024 9:36,2024-00015123,QUAIL CREEK DR / E STATE HWY 9 HWY,Contact a Subject,OK0140200,7,9,76,7,E,35.1892251,-97.3301757,0,False
3/2/2024 9:37,2024-00015120,2300 24TH AVE NW,Traffic Stop,OK0140200,7,9,1,1,NW,35.245578,-97.47974500000001,0,False
3/2/2024 9:37,2024-00015121,916 PARSONS ST,Alarm,OK0140200,7,9,76,4,SW,35.2055816,-97.4537075,0,False
3/2/2024 9:43,2024-00015122,24TH AVE SE / E LINDSEY ST,MVA Non Injury,OK0140200,7,9,76,16,SE,35.2038514,-97.4060178,0,False
3/2/2024 9:46,2024-00004465,700 S TELEPHONE RD,Transfer/Interfacility,EMSSTAT,7,9,76,10,NW,35.3327533,-97.4934248,0,True
3/2/2024 9:46,2024-00003380,1709 CREEKSIDE CT,Traumatic Injury,14005,7,9,26,10,SE,35.1999667,-97.4158506,0,True
3/2/2024 9:46,2024-00004464,1709 CREEKSIDE CT,Traumatic Injury,EMSSTAT,7,9,26,10,SE,35.1999667,-97.4158506,0,True
3/2/2024 9:47,2024-00015125,201 W GRAY ST,Suspicious,OK0140200,7,9,8,8,NW,35.2229932,-97.446108,0,False
3/2/2024 9:47,2024-00015124,W ROCK CREEK RD / 24TH AVE NW,Traffic Stop,OK0140200,7,9,8,1,NW,35.2475271,-97.47888549999999,0,False
3/2/2024 9:52,2024-00015126,3744 E CEDAR LANE RD,Traffic Stop,OK0140200,7,9,76,1,SE,35.1742811,-97.3861326,0,False
3/2/2024 9:55,2024-00003381,24TH AVE NW / W ROCK CREEK RD,MVA With Injuries,14005,7,9,8,16,NW,35.2475271,-97.47888549999999,0,True
3/2/2024 9:55,2024-00004466,24TH AVE NW / W ROCK CREEK RD,MVA With Injuries,EMSSTAT,7,9,8,16,NW,35.2475271,-97.47888549999999,0,True
3/2/2024 9:55,2024-00015127,24TH AVE NW / W ROCK CREEK RD,MVA With Injuries,OK0140200,7,9,8,16,NW,35.2475271,-97.47888549999999,0,True
3/2/2024 10:02,2024-00015130,2751 36TH AVE NW,Alarm,OK0140200,7,10,76,4,NW,35.2528598,-97.4936362,0,False
3/2/2024 10:03,2024-00015128,206 E DAWS ST,Follow Up,OK0140200,7,10,26,22,N,35.2243322,-97.4431377,0,False
3/2/2024 10:07,2024-00015129,3219 EVERTON CT,Animal Trapped,OK0140200,7,10,76,22,SE,35.1796254,-97.4017652,0,False
3/2/2024 10:11,2024-00015132,4500 GREYSTONE LN,Supplement Report,OK0140200,7,10,76,53,W,35.2277012,-97.5070751,0,False
3/2/2024 10:13,2024-00015131,3808 HARDY DR,Alarm,OK0140200,7,10,76,4,N,35.265244,-97.460989,0,False
3/2/2024 10:18,2024-00015133,201 REED AVE,Indecent Exposure,OK0140200,7,10,4,39,E,35.2239004,-97.4284919,0,False
3/2/2024 10:19,2024-00015143,1150 ED NOBLE DR,Vandalism,OK0140200,7,10,76,53,W,35.2064786,-97.48208559999999,0,False
3/2/2024 10:20,2024-00015135,GARRISON DR / JANSING DR,Check Area,OK0140200,7,10,76,16,W,35.2169051,-97.4693278,0,False
3/2/2024 10:21,2024-00015134,W TECUMSEH RD / 60TH AVE NW,Animal Dead,OK0140200,7,10,76,31,NW,35.2618496,-97.52967790000001,0,False
3/2/2024 10:31,2024-00015136,911 W MAIN ST,COP Relationships,OK0140200,7,10,76,53,W,35.2190497,-97.4560563,0,False
3/2/2024 10:37,2024-00015138,24TH AVE NW / CORPORATE CENTRE DR,Traffic Stop,OK0140200,7,10,76,1,NW,35.2564112,-97.4782638,0,False
3/2/2024 10:37,2024-00003382,2900 JENKINS AVE,Unknown Problem/Man Down,14005,7,10,3,39,SE,35.196793,-97.43155399999999,0,True
3/2/2024 10:37,2024-00004467,2900 JENKINS AVE,Unknown Problem/Man Down,EMSSTAT,7,10,3,39,SE,35.196793,-97.43155399999999,0,True
3/2/2024 10:37,2024-00004472,2900 JENKINS AVE,Unconscious/Fainting,EMSSTAT,7,10,3,6,SE,35.196793,-97.43155399999999,0,True
3/2/2024 10:45,2024-00004468,3300 HEALTHPLEX PKWY,Transfer/Interfacility,EMSSTAT,7,10,8,10,W,35.21418,-97.49280999999999,0,True
3/2/2024 10:47,2024-00003383,12TH AVE SE / CLASSEN BLVD,MVA With Injuries,14005,7,10,8,16,SE,35.1942994,-97.42392339999999,0,True
3/2/2024 10:47,2024-00004469,12TH AVE SE / CLASSEN BLVD,MVA With Injuries,EMSSTAT,7,10,8,16,SE,35.1942994,-97.42392339999999,0,True
3/2/2024 10:47,2024-00015139,12TH AVE SE / CLASSEN BLVD,MVA Non Injury,OK0140200,7,10,8,16,SE,35.1942994,-97.42392339999999,0,True
3/2/2024 10:48,2024-00015145,3301 W MAIN ST,Fraud,OK0140200,7,10,76,39,W,35.2194219,-97.49122589999999,0,False
3/2/2024 10:50,2024-00015140,148 REED AVE,Indecent Exposure,OK0140200,7,10,26,39,E,35.2233406,-97.4293952,0,False
3/2/2024 10:52,2024-00015141,2270 TECUMSEH DR,Motorist Assist,OK0140200,7,10,76,39,NW,35.2634826,-97.4751395,0,False
3/2/2024 10:56,2024-00015142,229 E MAIN ST,Alarm,OK0140200,7,10,76,4,NE,35.2223395,-97.44086089999999,0,False
3/2/2024 11:00,2024-00003384,826 24TH AVE SW,Public Assist,14005,7,11,76,13,W,35.2082268,-97.47664139999999,0,False
3/2/2024 11:01,2024-00015144,W ROCK CREEK RD / 12TH AVE NW,Traffic Stop,OK0140200,7,11,76,1,NW,35.2474267,-97.45903620000001,0,False
3/2/2024 11:07,2024-00004470,750 CANADIAN TRAILS DR,Sick Person,EMSSTAT,7,11,76,2,S,35.1800743,-97.4515243,0,True
3/2/2024 11:16,2024-00003385,2703 60TH AVE NW,Medical Call Pd Requested,14005,7,11,26,16,W,35.254316,-97.52822400000001,0,True
3/2/2024 11:16,2024-00004471,2703 60TH AVE NW,Medical Call Pd Requested,EMSSTAT,7,11,26,16,W,35.254316,-97.52822400000001,0,True
3/2/2024 11:21,2024-00003386,850 ED NOBLE PKWY,Stroke,14005,7,11,26,39,W,35.2080899,-97.4839531,0,True
3/2/2024 11:21,2024-00004473,850 ED NOBLE PKWY,Stroke,EMSSTAT,7,11,26,39,W,35.2080899,-97.4839531,0,True
3/2/2024 11:25,2024-00003387,201 REED AVE,Breathing Problems,14005,7,11,4,39,E,35.2239004,-97.4284919,0,True
3/2/2024 11:25,2024-00004474,201 REED AVE,Breathing Problems,EMSSTAT,7,11,4,39,E,35.2239004,-97.4284919,0,True
3/2/2024 11:31,2024-00015146,2300 24TH AVE NW,Traffic Stop,OK0140200,7,11,1,1,NW,35.245578,-97.47974500000001,0,False
3/2/2024 11:34,2024-00015148,106 W RICH ST,Animal at Large,OK0140200,7,11,76,15,NW,35.2284985,-97.4469036,0,False
3/2/2024 11:35,2024-00015147,1882 12TH AVE SE,Disturbance/Domestic,OK0140200,7,11,76,3,SE,35.1955418,-97.4246369,0,False
3/2/2024 11:38,2024-00015149,2300 24TH AVE NW,Traffic Stop,OK0140200,7,11,1,1,NW,35.245578,-97.47974500000001,0,False
3/2/2024 11:42,2024-00015150,125 INTERSTATE DR,Trespassing,OK0140200,7,11,76,22,NW,35.2446281,-97.4849714,0,False
3/2/2024 11:48,2024-00015151,4255 120TH AVE SE,Disturbance/Domestic,OK0140200,7,11,76,3,E,35.1671873,-97.2642216,0,False
3/2/2024 12:06,2024-00003388,615 E BOYD ST,Public Assist,14005,7,12,26,13,SE,35.2114098,-97.43393139999999,0,False
3/2/2024 12:07,2024-00004475,901 N PORTER AVE,Transfer/Interfacility,EMSSTAT,7,12,1,10,NE,35.2301496,-97.43914960000001,0,True
3/2/2024 12:08,2024-00015156,1010 N UNIVERSITY BLVD,Parking Problem,OK0140200,7,12,76,22,NW,35.2273735,-97.4504214,0,False
3/2/2024 12:13,2024-00015153,3110 W FRANKLIN RD,Larceny,OK0140200,7,12,8,9,NW,35.272787,-97.49019799999999,0,False
3/2/2024 12:21,2024-00015152,1065 36TH AVE NW,Open Door/Premises Check,OK0140200,7,12,26,39,W,35.2312357,-97.4937879,0,False
3/2/2024 12:26,2024-00003389,1400 E LINDSEY ST,Chest Pain,14005,7,12,26,39,SE,35.2036318,-97.4198588,0,True
3/2/2024 12:26,2024-00004476,1400 E LINDSEY ST,Chest Pain,EMSSTAT,7,12,26,39,SE,35.2036318,-97.4198588,0,True
3/2/2024 12:36,2024-00015154,S JONES AVE / E SYMMES ST,Disturbance/Domestic,OK0140200,7,12,76,3,SE,35.2181209,-97.441497,0,False
3/2/2024 12:36,2024-00003390,2508 LEEDS LN,Public Assist,14005,7,12,76,13,SE,35.1935053,-97.4039548,0,False
3/2/2024 12:49,2024-00003391,3942 JENKINS AVE,Heart Problems/AICD,14005,7,12,26,22,S,35.1713217,-97.4420863,0,True
3/2/2024 12:49,2024-00004477,3942 JENKINS AVE,Heart Problems/AICD,EMSSTAT,7,12,26,22,S,35.1713217,-97.4420863,0,True
3/2/2024 12:51,2024-00015155,200 VICKSBURG AVE,Stolen Vehicle,OK0140200,7,12,76,22,E,35.2163896,-97.41331629999999,0,False
3/2/2024 13:12,2024-00015157,2808 DEWEY AVE,Noise Complaint,OK0140200,7,13,26,4,S,35.1890504,-97.4322216,0,False
3/2/2024 13:19,2024-00003392,215 N PONCA AVE,Unconscious/Fainting,14005,7,13,26,6,NE,35.2248843,-97.4385263,0,True
3/2/2024 13:19,2024-00004478,215 N PONCA AVE,Unconscious/Fainting,EMSSTAT,7,13,26,6,NE,35.2248843,-97.4385263,0,True
3/2/2024 13:23,2024-00015161,202 WOODCREST DR,Harassment / Threats Report,OK0140200,7,13,76,16,N,35.2484515,-97.4391113,0,False
3/2/2024 13:24,2024-00003393,2550 W FRANKLIN RD,Convulsion/Seizure,14005,7,13,4,22,NW,35.2746784,-97.47820310000002,0,True
3/2/2024 13:24,2024-00004479,2550 W FRANKLIN RD,Convulsion/Seizure,EMSSTAT,7,13,4,22,NW,35.2746784,-97.47820310000002,0,True
3/2/2024 13:29,2024-00015158,W LINDSEY DR / W LINDSEY ST,Contact a Subject,OK0140200,7,13,76,7,SW,35.2039736,-97.47437769999999,0,False
3/2/2024 13:30,2024-00015159,S PETERS AVE / ALAMEDA ST,Disturbance/Domestic,OK0140200,7,13,76,3,E,35.2201214,-97.4409998,0,False
3/2/2024 13:41,2024-00015163,2124 VALLEY HOLLOW,Harassment / Threats Report,OK0140200,7,13,76,16,SE,35.1923731,-97.3939812,0,False
3/2/2024 13:50,2024-00015160,5300 E LINDSEY ST,Alarm,OK0140200,7,13,76,4,E,35.202395,-97.36354299999999,0,False
3/2/2024 13:51,2024-00015173,2808 DEWEY AVE,Noise Complaint,OK0140200,7,13,26,4,S,35.1890504,-97.4322216,0,False
3/2/2024 13:53,2024-00003394,JENKINS AVE / W TIMBERDELL RD,Traumatic Injury,14005,7,13,26,10,S,35.1967362,-97.4413137,0,True
3/2/2024 13:53,2024-00004480,JENKINS AVE / W TIMBERDELL RD,Traumatic Injury,EMSSTAT,7,13,26,10,S,35.1967362,-97.4413137,0,True
3/2/2024 13:56,2024-00015167,113 HAL MULDROW DR,Alarm,OK0140200,7,13,76,4,W,35.2177651,-97.47257119999999,0,False
3/2/2024 13:56,2024-00015162,1355 W LINDSEY ST,Traffic Stop,OK0140200,7,13,76,1,SW,35.2043337,-97.4625198,0,False
3/2/2024 14:04,2024-00015164,2215 NASHVILLE DR,Disturbance/Domestic,OK0140200,7,14,76,3,E,35.207067,-97.407349,0,False
3/2/2024 14:04,2024-00003395,1776 E ROBINSON ST,Falls,14005,7,14,8,10,E,35.2299595,-97.4131198,0,True
3/2/2024 14:04,2024-00004481,1776 E ROBINSON ST,Falls,EMSSTAT,7,14,8,10,E,35.2299595,-97.4131198,0,True
3/2/2024 14:06,2024-00003396,1116 W APACHE ST,Allergies/Envenomations,14005,7,14,26,53,SW,35.213664,-97.45834649999999,0,True
3/2/2024 14:06,2024-00004482,1116 W APACHE ST,Sick Person,EMSSTAT,7,14,26,2,SW,35.213664,-97.45834649999999,0,True
3/2/2024 14:08,2024-00004483,1776 E ROBINSON ST,Falls,EMSSTAT,7,14,8,10,E,35.2299595,-97.4131198,0,True
3/2/2024 14:08,2024-00015165,1170 W LINDSEY ST,Traffic Stop,OK0140200,7,14,76,1,SW,35.2034888,-97.45880799999999,0,False
3/2/2024 14:10,2024-00015166,1500 12TH AVE NE,Animal at Large,OK0140200,7,14,76,15,NE,35.2370761,-97.42352249999999,0,False
3/2/2024 14:15,2024-00003397,3657 24TH AVE SE,Heart Problems/AICD,14005,7,14,26,22,SE,35.1739116,-97.3988091,0,True
3/2/2024 14:15,2024-00004484,3657 24TH AVE SE,Heart Problems/AICD,EMSSTAT,7,14,26,22,SE,35.1739116,-97.3988091,0,True
3/2/2024 14:16,2024-00015168,W ROBINSON ST / N FLOOD AVE,Hit and Run,OK0140200,7,14,76,53,NW,35.2330288,-97.4533029,0,False
3/2/2024 14:20,2024-00015169,1210 STUBBEMAN AVE,Animal Vicious,OK0140200,7,14,76,31,NW,35.2322484,-97.4497772,0,False
3/2/2024 14:23,2024-00015184,1241 OAKHURST AVE,Larceny,OK0140200,7,14,76,9,SE,35.2030932,-97.4134321,0,False
3/2/2024 14:26,2024-00015181,513 MIDLAND DR,Larceny,OK0140200,7,14,8,9,W,35.2123116,-97.4947145,0,False
3/2/2024 14:29,2024-00015170,1317 ALAMEDA ST,Traffic Stop,OK0140200,7,14,76,1,E,35.21873110000001,-97.4202356,0,False
3/2/2024 14:31,2024-00015171,W GRAY ST / N JONES AVE,Traffic Stop,OK0140200,7,14,76,1,N,35.2219184,-97.44385659999999,0,False
3/2/2024 14:32,2024-00015172,E ROBINSON ST / 24TH AVE NE,Traffic Stop,OK0140200,7,14,76,1,E,35.2327646,-97.40596400000001,0,False
3/2/2024 14:38,2024-00015220,148 REED AVE,Contact a Subject,OK0140200,7,14,26,7,E,35.2233406,-97.4293952,0,False
3/2/2024 14:38,2024-00015183,2900 OAK TREE AVE,Animal Trapped,OK0140200,7,14,76,22,SE,35.1867557,-97.42404839999999,0,False
3/2/2024 14:40,2024-00003398,4800 E ROBINSON ST,Fire Smoke Investigation,14005,7,14,76,39,E,35.2327283,-97.370482,0,False
3/2/2024 14:40,2024-00015174,107 GIBBS DR,Mutual Aid,OK0140200,7,14,76,31,NE,35.2278744,-97.4320724,0,False
3/2/2024 14:42,2024-00015176,760 DEANS ROW AVE,Disturbance/Domestic,OK0140200,7,14,76,3,S,35.21223030000001,-97.4428046,0,False
3/2/2024 14:42,2024-00015175,HEALTHPLEX PKWY / 36TH AVE NW,Traffic Stop,OK0140200,7,14,76,1,NW,35.2592535,-97.49431419999999,0,False
3/2/2024 14:43,2024-00015177,1436 24TH AVE NW,Drunk Driver,OK0140200,7,14,76,31,NE,35.2364856,-97.4060762,0,False
3/2/2024 14:44,2024-00015179,601 12TH AVE NE,Disturbance/Domestic,OK0140200,7,14,4,3,E,35.2260861,-97.42080250000001,0,False
3/2/2024 14:47,2024-00015186,1032 N PORTER AVE,Trespassing,OK0140200,7,14,76,22,N,35.2312619,-97.4415369,0,False
3/2/2024 14:49,2024-00015178,CHAUTAUQUA AVE / W STATE HWY 9 HWY,Traffic Stop,OK0140200,7,14,26,1,S,35.1934841,-97.4501019,0,False
3/2/2024 14:49,2024-00003399,4401 FOX CROFT RD,Fire Grass,14005,7,14,76,53,E,35.195452,-97.375441,0,False
3/2/2024 14:53,2024-00015180,N PORTER AVE / E ROCK CREEK RD,Welfare Check,OK0140200,7,14,26,14,N,35.2474797,-97.4411983,0,False
3/2/2024 14:54,2024-00015188,1604 IOWA ST,Animal Dead,OK0140200,7,14,76,31,W,35.2241257,-97.46526469999999,0,False
3/2/2024 14:54,2024-00015194,2119 OAKSIDE DR,Animal Complaint,OK0140200,7,14,76,39,SE,35.1924795,-97.4139921,0,False
3/2/2024 14:55,2024-00015192,4774 E TECUMSEH RD,Animal at Large,OK0140200,7,14,76,15,NE,35.2608801,-97.3715347,0,False
3/2/2024 14:56,2024-00003400,120 FOREMAN AVE,Sick Person,14005,7,14,26,2,W,35.2193248,-97.46311159999999,0,True
3/2/2024 14:56,2024-00004485,120 FOREMAN AVE,Sick Person,EMSSTAT,7,14,26,2,W,35.2193248,-97.46311159999999,0,True
3/2/2024 14:57,2024-00015182,174 12TH AVE SE,Traffic Stop,OK0140200,7,14,76,1,E,35.2166034,-97.424167,0,False
3/2/2024 14:58,2024-00015185,517 N PORTER AVE,Animal at Large,OK0140200,7,14,76,15,NE,35.2263346,-97.4407975,0,False
3/2/2024 14:58,2024-00003401,E ROCK CREEK RD / SEQUOYAH TRL,Unconscious/Fainting,14005,7,14,8,6,N,35.2474344,-97.4379269,0,True
3/2/2024 14:58,2024-00004486,E ROCK CREEK RD / SEQUOYAH TRL,Unconscious/Fainting,EMSSTAT,7,14,8,6,N,35.2474344,-97.4379269,0,True
3/2/2024 15:00,2024-00004488,901 N PORTER AVE,Transfer/Interfacility,EMSSTAT,7,15,1,10,NE,35.2301496,-97.43914960000001,0,True
3/2/2024 15:01,2024-00004489,3300 HEALTHPLEX PKWY,Transfer/Interfacility,EMSSTAT,7,15,8,10,W,35.21418,-97.49280999999999,0,True
3/2/2024 15:01,2024-00003402,1015 EAGLEROCK LN,Unconscious/Fainting,14005,7,15,8,6,N,35.258661,-97.45736939999999,0,True
3/2/2024 15:01,2024-00004487,1015 EAGLEROCK LN,Unconscious/Fainting,EMSSTAT,7,15,8,6,N,35.258661,-97.45736939999999,0,True
3/2/2024 15:01,2024-00015187,1015 EAGLEROCK LN,Body Reported,OK0140200,7,15,8,53,N,35.258661,-97.45736939999999,0,True
3/2/2024 15:02,2024-00015189,1065 36TH AVE NW,Open Door/Premises Check,OK0140200,7,15,26,39,W,35.2312357,-97.4937879,0,False
3/2/2024 15:08,2024-00015195,2815 DEWEY AVE,Noise Complaint,OK0140200,7,15,76,4,S,35.1883015,-97.4319532,0,False
3/2/2024 15:11,2024-00004490,E ROCK CREEK RD / SEQUOYAH TRL,Sick Person,EMSSTAT,7,15,8,2,N,35.2474344,-97.4379269,0,True
3/2/2024 15:12,2024-00015190,1817 CEDAR CREEK CT,Mutual Aid,OK0140200,7,15,76,31,SE,35.196261,-97.4216165,0,False
3/2/2024 15:19,2024-00015191,1200 ELK HORN RD,Disturbance/Domestic,OK0140200,7,15,76,3,NE,35.2492728,-97.4231373,0,False
3/2/2024 15:22,2024-00015201,714 WILSON ST,Parking Problem,OK0140200,7,15,76,22,S,35.202634,-97.45096050000001,0,False
3/2/2024 15:25,2024-00015193,3237 W TECUMSEH RD,Traffic Stop,OK0140200,7,15,76,1,NW,35.2627969,-97.48867849999999,0,False
3/2/2024 15:29,2024-00015198,364 MILLBROOK DR,Alarm,OK0140200,7,15,76,4,W,35.2232743,-97.4915206,0,False
3/2/2024 15:32,2024-00015211,1516 BAYCHARTER ST,Parking Problem,OK0140200,7,15,76,22,NE,35.2449963,-97.41737119999999,0,False
3/2/2024 15:34,2024-00015196,3042 36TH AVE NW,Traffic Stop,OK0140200,7,15,76,1,NW,35.2541288,-97.4943019,0,False
3/2/2024 15:35,2024-00015197,E LINDSEY ST / LINDSEY PLAZA DR,Public Intoxication,OK0140200,7,15,76,53,SE,35.2038329,-97.421983,0,False
3/2/2024 15:41,2024-00015199,GEORGE L CROSS DR / 24TH AVE SW,Contact a Subject,OK0140200,7,15,76,7,W,35.2141999,-97.4766491,0,False
3/2/2024 15:42,2024-00015200,3068 36TH AVE NW,Traffic Stop,OK0140200,7,15,76,1,NW,35.2546948,-97.4943043,0,False
3/2/2024 15:48,2024-00015202,2127 BROOKHAVEN BLVD,Suspicious,OK0140200,7,15,76,8,NW,35.245291,-97.4987108,0,False
3/2/2024 15:57,2024-00015207,4216 CONDOR DR,Noise Complaint,OK0140200,7,15,76,4,S,35.16663,-97.4322414,0,False
3/2/2024 16:00,2024-00004491,901 N PORTER AVE,Transfer/Interfacility,EMSSTAT,7,16,1,10,NE,35.2301496,-97.43914960000001,0,True
3/2/2024 16:02,2024-00015203,3110 W FRANKLIN RD,Larceny,OK0140200,7,16,8,9,NW,35.272787,-97.49019799999999,0,False
3/2/2024 16:03,2024-00015206,1241 HONEYBEE CT,Animal Vicious,OK0140200,7,16,76,31,E,35.234032,-97.39148,0,False
3/2/2024 16:05,2024-00015204,1858 E LINDSEY ST,Traffic Stop,OK0140200,7,16,76,1,SE,35.2036118,-97.4142033,0,False
3/2/2024 16:05,2024-00003403,612 LEANING ELM DR,Sick Person,14005,7,16,26,2,N,35.2530514,-97.4314387,0,True
3/2/2024 16:05,2024-00004492,612 LEANING ELM DR,Sick Person,EMSSTAT,7,16,26,2,N,35.2530514,-97.4314387,0,True
3/2/2024 16:05,2024-00015205,471 24TH AVE NE,Traffic Stop,OK0140200,7,16,76,1,E,35.2227089,-97.4059837,0,False
3/2/2024 16:06,2024-00003404,15001 POST OAK RD,Traumatic Injury,14005,7,16,26,10,E,35.160387,-97.220834,0,True
3/2/2024 16:06,2024-00004493,15001 POST OAK RD,Traumatic Injury,EMSSTAT,7,16,26,10,E,35.160387,-97.220834,0,True
3/2/2024 16:06,2024-00015209,201 TRIAD VILLAGE DR,Alarm,OK0140200,7,16,76,4,E,35.2163665,-97.42030700000001,0,False
3/2/2024 16:07,2024-00015208,505 APLOMADO ST,Noise Complaint,OK0140200,7,16,76,4,S,35.1668625,-97.43158659999999,0,False
3/2/2024 16:08,2024-00015210,225 INTERSTATE DR,MVA Non Injury,OK0140200,7,16,76,16,NW,35.2446281,-97.4849714,0,False
3/2/2024 16:25,2024-00015214,1919 BEAUMONT DR,Contact a Subject,OK0140200,7,16,76,7,SE,35.2082548,-97.41369639999999,0,False
3/2/2024 16:26,2024-00015212,1209 AVONDALE DR,Welfare Check,OK0140200,7,16,76,14,SW,35.2054433,-97.4594132,0,False
3/2/2024 16:29,2024-00015213,N PORTER AVE / E ROCK CREEK RD,Disturbance/Domestic,OK0140200,7,16,26,3,N,35.2474797,-97.4411983,0,False
3/2/2024 16:32,2024-00003405,619 CAROLYN RIDGE RD,Fire Alarm,14005,7,16,76,53,N,35.2626957,-97.43107959999999,0,False
3/2/2024 16:34,2024-00015218,1900 CANDLEWOOD DR,Alarm,OK0140200,7,16,26,4,SE,35.2055268,-97.41361189999999,0,False
3/2/2024 16:35,2024-00015215,9009 E TECUMSEH RD,Burglary,OK0140200,7,16,76,39,E,35.262122,-97.3085625,0,False
3/2/2024 16:39,2024-00004505,3300 HEALTHPLEX PKWY,Transfer/Interfacility,EMSSTAT,7,16,8,10,W,35.21418,-97.49280999999999,0,True
3/2/2024 16:45,2024-00015216,601 12TH AVE NE,Larceny,OK0140200,7,16,4,9,E,35.2260861,-97.42080250000001,0,False
3/2/2024 16:51,2024-00015241,128 FOREMAN AVE,Fraud,OK0140200,7,16,76,39,W,35.2195809,-97.46311159999999,0,False
3/2/2024 16:52,2024-00015217,1730 W LINDSEY ST,Check Area,OK0140200,7,16,76,16,SW,35.2035726,-97.4674488,0,False
3/2/2024 16:57,2024-00015237,1604 HIGH MEADOWS DR,Larceny,OK0140200,7,16,76,9,NE,35.2378546,-97.41690659999999,0,False
3/2/2024 17:01,2024-00015227,110 HARVARD RD,Noise Complaint,OK0140200,7,17,76,4,W,35.2194867,-97.505668,0,False
3/2/2024 17:02,2024-00015219,24TH AVE SE / E STATE HWY 9 HWY,Road Rage,OK0140200,7,17,76,53,SE,35.187534,-97.4058261,0,False
3/2/2024 17:05,2024-00015221,W BOYD ST / WYLIE RD,Suspicious,OK0140200,7,17,76,8,SW,35.2111703,-97.4633442,0,False
3/2/2024 17:08,2024-00015231,1842 E LINDSEY ST,Animal at Large,OK0140200,7,17,76,15,SE,35.2036175,-97.4145879,0,False
3/2/2024 17:10,2024-00015222,1809 RIDGEWOOD DR,Contact a Subject,OK0140200,7,17,76,7,SE,35.1976298,-97.4135697,0,False
3/2/2024 17:14,2024-00015225,1600 ANN BRANDEN BLVD,Welfare Check,OK0140200,7,17,76,14,SE,35.1815687,-97.4143306,0,False
3/2/2024 17:18,2024-00015224,743 DEANS ROW AVE,Animal Complaint,OK0140200,7,17,76,39,S,35.2126962,-97.4421708,0,False
3/2/2024 17:21,2024-00004494,2900 JENKINS AVE,Stand By EMS,EMSSTAT,7,17,3,16,SE,35.196793,-97.43155399999999,0,True
3/2/2024 17:25,2024-00003406,1700 LEXINGTON ST,Aircraft Crash,14005,7,17,8,31,NW,35.2400308,-97.4560539,0,True
3/2/2024 17:25,2024-00004495,1700 LEXINGTON ST,Aircraft Crash,EMSSTAT,7,17,8,31,NW,35.2400308,-97.4560539,0,True
3/2/2024 17:25,2024-00015223,1700 LEXINGTON ST,Aircraft Crash,OK0140200,7,17,8,31,NW,35.2400308,-97.4560539,0,True
3/2/2024 17:27,2024-00003407,2508 HAMDEN AVE,Falls,14005,7,17,26,10,N,35.2493434,-97.44696689999999,0,True
3/2/2024 17:27,2024-00004496,2508 HAMDEN AVE,Falls,EMSSTAT,7,17,26,10,N,35.2493434,-97.44696689999999,0,True
3/2/2024 17:32,2024-00003408,300 HAL MULDROW DR,Traumatic Injury,14005,7,17,26,10,W,35.2167833,-97.4738486,0,True
3/2/2024 17:32,2024-00004497,300 HAL MULDROW DR,Traumatic Injury,EMSSTAT,7,17,26,10,W,35.2167833,-97.4738486,0,True
3/2/2024 17:37,2024-00015226,ALAMEDA DR / 72ND AVE NE,Disturbance/Domestic,OK0140200,7,17,76,3,E,35.218307,-97.3355737,0,False
3/2/2024 17:42,2024-00003409,1012 GOLDEN EAGLE DR,Sick Person,14005,7,17,26,2,S,35.1713952,-97.4256395,0,True
3/2/2024 17:42,2024-00004498,1012 GOLDEN EAGLE DR,Sick Person,EMSSTAT,7,17,26,2,S,35.1713952,-97.4256395,0,True
3/2/2024 17:47,2024-00015228,2339 W MAIN ST,Welfare Check,OK0140200,7,17,76,14,W,35.2187766,-97.47613150000001,0,False
3/2/2024 17:55,2024-00003410,1321 ABBEY DR,Back Pain,14005,7,17,26,22,E,35.2126834,-97.4212575,0,True
3/2/2024 17:55,2024-00004499,1321 ABBEY DR,Back Pain,EMSSTAT,7,17,26,22,E,35.2126834,-97.4212575,0,True
3/2/2024 17:58,2024-00003411,1421 CHERRY LAUREL DR,Diabetic Problems,14005,7,17,26,22,SW,35.1953705,-97.4621183,0,True
3/2/2024 17:58,2024-00004500,1421 CHERRY LAUREL DR,Diabetic Problems,EMSSTAT,7,17,26,22,SW,35.1953705,-97.4621183,0,True
3/2/2024 18:00,2024-00015230,2501 JENKINS AVE,Drunk Driver,OK0140200,7,18,76,31,S,35.193589,-97.4391235,0,False
3/2/2024 18:00,2024-00015229,W MAIN ST / 48TH AVE NW,Traffic Stop,OK0140200,7,18,76,1,W,35.2183665,-97.51185939999999,0,False
3/2/2024 18:08,2024-00003413,601 12TH AVE NE,Public Assist,14005,7,18,4,13,E,35.2260861,-97.42080250000001,0,False
3/2/2024 18:08,2024-00003412,109 W GRAY ST,Convulsion/Seizure,14005,7,18,26,22,NW,35.2218022,-97.44486169999999,0,True
3/2/2024 18:08,2024-00004501,109 W GRAY ST,Convulsion/Seizure,EMSSTAT,7,18,26,22,NW,35.2218022,-97.44486169999999,0,True
3/2/2024 18:15,2024-00003414,601 12TH AVE NE,Public Assist,14005,7,18,4,13,E,35.2260861,-97.42080250000001,0,False
3/2/2024 18:18,2024-00004502,1544 OK-9,Sick Person,EMSSTAT,7,18,76,2,SW,35.181276,-97.5005336,0,True
3/2/2024 18:18,2024-00003415,1100 OAK TREE AVE,Public Assist,14005,7,18,8,13,SE,35.1809871,-97.4269393,0,False
3/2/2024 18:18,2024-00015232,2397 BUD WILKINSON DR,Traffic Stop,OK0140200,7,18,76,1,W,35.213252,-97.47664150000001,0,False
3/2/2024 18:21,2024-00015235,401 12TH AVE SE,Welfare Check,OK0140200,7,18,76,14,E,35.2138913,-97.42237689999999,0,False
3/2/2024 18:24,2024-00015233,310 E BOYD ST,Traffic Stop,OK0140200,7,18,76,1,SE,35.2107859,-97.4381777,0,False
3/2/2024 18:26,2024-00015234,800 LEXINGTON ST,Disturbance/Domestic,OK0140200,7,18,26,3,NW,35.2400878,-97.4524333,0,False
3/2/2024 18:27,2024-00015240,638 S LAHOMA AVE,Burglary,OK0140200,7,18,76,39,SW,35.2097382,-97.4518904,0,False
3/2/2024 18:28,2024-00015238,2104 MEMPHIS DR,Parking Problem,OK0140200,7,18,76,22,E,35.2096737,-97.4107398,0,False
3/2/2024 18:31,2024-00003416,1100 OAK TREE AVE,Back Pain,14005,7,18,8,22,SE,35.1809871,-97.4269393,0,True
3/2/2024 18:31,2024-00004503,1100 OAK TREE AVE,Back Pain,EMSSTAT,7,18,8,22,SE,35.1809871,-97.4269393,0,True
3/2/2024 18:43,2024-00015236,279 W ROBINSON ST,Traffic Stop,OK0140200,7,18,76,1,NW,35.2329988,-97.44972539999999,0,False
3/2/2024 18:46,2024-00015245,3110 W FRANKLIN RD,Larceny,OK0140200,7,18,8,9,NW,35.272787,-97.49019799999999,0,False
3/2/2024 18:52,2024-00000019,2400 INDIAN POINT RD,Fire Water Rescue,14009,7,18,8,39,E,35.2459261,-97.23910479999999,0,False
3/2/2024 18:52,2024-00003417,2400 INDIAN POINT RD,Fire Water Rescue,14005,7,18,8,39,E,35.2459261,-97.23910479999999,0,True
3/2/2024 18:52,2024-00004504,2400 INDIAN POINT RD,Drowning/Diving/Scuba Accident,EMSSTAT,7,18,8,53,E,35.2459261,-97.23910479999999,0,True
3/2/2024 19:09,2024-00015239,1900 CANDLEWOOD DR,Alarm,OK0140200,7,19,26,4,SE,35.2055268,-97.41361189999999,0,False
3/2/2024 19:15,2024-00015243,1510 SILVER CREEK CIR,Alarm,OK0140200,7,19,76,4,E,35.2248886,-97.4181316,0,False
3/2/2024 19:16,2024-00015242,ALAMEDA DR / 120TH AVE NE,Animal Livestock,OK0140200,7,19,76,53,E,35.2326199,-97.26520269999999,0,False
3/2/2024 19:21,2024-00015244,2609 CHATEAU DR,Disturbance/Domestic,OK0140200,7,19,76,3,W,35.2135894,-97.4799365,0,False
3/2/2024 19:23,2024-00003418,2803 24TH AVE NW,Falls,14005,7,19,4,10,NW,35.2534296,-97.4809935,0,True
3/2/2024 19:23,2024-00004506,2803 24TH AVE NW,Falls,EMSSTAT,7,19,4,10,NW,35.2534296,-97.4809935,0,True
3/2/2024 19:28,2024-00003419,1524 ASP AVE,Traumatic Injury,14005,7,19,26,10,S,35.2003385,-97.444897,0,True
3/2/2024 19:28,2024-00004507,1524 ASP AVE,Traumatic Injury,EMSSTAT,7,19,26,10,S,35.2003385,-97.444897,0,True
3/2/2024 19:29,2024-00003420,1300 24TH AVE NW,Falls,14005,7,19,26,10,W,35.2341194,-97.4824324,0,True
3/2/2024 19:29,2024-00004508,1300 24TH AVE NW,Falls,EMSSTAT,7,19,26,10,W,35.2341194,-97.4824324,0,True
3/2/2024 19:29,2024-00003421,3913 COLEFAX LN,Unconscious/Fainting,14005,7,19,26,6,SE,35.194376,-97.38334499999999,0,True
3/2/2024 19:29,2024-00004509,3913 COLEFAX LN,Unconscious/Fainting,EMSSTAT,7,19,26,6,SE,35.194376,-97.38334499999999,0,True
3/2/2024 19:31,2024-00015246,800 LEXINGTON ST,Contact a Subject,OK0140200,7,19,26,7,NW,35.2400878,-97.4524333,0,False
3/2/2024 19:55,2024-00015247,12TH AVE NW / W ROCK CREEK RD,Reckless Driving,OK0140200,7,19,76,53,NW,35.2474267,-97.45903620000001,0,False
3/2/2024 20:09,2024-00015248,CHAUTAUQUA AVE / HOOVER ST,Noise Complaint,OK0140200,7,20,76,4,S,35.2018287,-97.4501674,0,False
3/2/2024 20:12,2024-00015249,1920 12TH AVE NE,Animal Vicious,OK0140200,7,20,76,31,NE,35.2434275,-97.4286714,0,False
3/2/2024 20:13,2024-00015256,1206 LESLIE LN,Harassment / Threats Report,OK0140200,7,20,76,16,SW,35.2101032,-97.4600049,0,False
3/2/2024 20:18,2024-00003422,901 E MAIN ST,Sick Person,14005,7,20,26,2,NE,35.2256705,-97.43228599999999,0,True
3/2/2024 20:18,2024-00004510,901 E MAIN ST,Sick Person,EMSSTAT,7,20,26,2,NE,35.2256705,-97.43228599999999,0,True
3/2/2024 20:20,2024-00003423,19601 WOODRIDGE DR,Medical Call Pd Requested,14005,7,20,26,16,NE,35.2225668,-97.4394777,0,True
3/2/2024 20:20,2024-00004511,19601 WOODRIDGE DR,Medical Call Pd Requested,EMSSTAT,7,20,26,16,NE,35.2225668,-97.4394777,0,True
3/2/2024 20:20,2024-00003425,2023 144TH AVE SE,Fire Odor Investigation,14005,7,20,76,53,E,35.1931474,-97.229745,0,False
3/2/2024 20:21,2024-00003424,615 E BOYD ST,Public Assist,14005,7,20,26,13,SE,35.2114098,-97.43393139999999,0,False
3/2/2024 20:24,2024-00015250,15628 E STATE HWY 9 HWY,Traffic Stop,OK0140200,7,20,76,1,E,35.18922209999999,-97.3240539,0,False
3/2/2024 20:29,2024-00003426,156TH AVE SE / E STATE HWY 9 HWY,Fire Smoke Investigation,14005,7,20,76,39,E,35.1892251,-97.3301757,0,False
3/2/2024 20:31,2024-00015251,SHILOH DR / ALAMEDA ST,Drunk Driver,OK0140200,7,20,76,31,E,35.218375,-97.416508,0,False
3/2/2024 20:37,2024-00003427,604 GOSHAWK DR,Diabetic Problems,14005,7,20,26,22,S,35.1708022,-97.4303825,0,True
3/2/2024 20:37,2024-00004512,604 GOSHAWK DR,Diabetic Problems,EMSSTAT,7,20,26,22,S,35.1708022,-97.4303825,0,True
3/2/2024 20:41,2024-00015252,NIC,Fireworks,OK0140200,7,20,76,53,NE,35.2225668,-97.4394777,0,False
3/2/2024 20:42,2024-00015253,1507 W LINDSEY ST,Follow Up,OK0140200,7,20,76,22,SW,35.2044298,-97.46442189999999,0,False
3/2/2024 20:48,2024-00015255,901 N PORTER AVE,Escort/Transport,OK0140200,7,20,1,53,NE,35.2301496,-97.43914960000001,0,False
3/2/2024 20:50,2024-00015254,E TECUMSEH RD / PRESCOTT DR,Animal Injured,OK0140200,7,20,76,53,N,35.2618875,-97.4289518,0,False
3/2/2024 20:53,2024-00015276,201 S CREEKDALE DR,Check Area,OK0140200,7,20,76,16,W,35.2159833,-97.4971016,0,False
3/2/2024 20:57,2024-00003428,11000 E TECUMSEH RD,Public Assist,14005,7,20,76,13,E,35.260732,-97.277322,0,False
3/2/2024 21:00,2024-00015257,333 INTERSTATE DR,Larceny,OK0140200,7,21,76,9,NW,35.2446281,-97.4849714,0,False
3/2/2024 21:03,2024-00015260,1219 DAKOTA ST,Noise Complaint,OK0140200,7,21,76,4,W,35.2254269,-97.4607235,0,False
3/2/2024 21:14,2024-00015269,1802 23RD AVE SE,Noise Complaint,OK0140200,7,21,26,4,SE,35.1960504,-97.4068351,0,False
3/2/2024 21:15,2024-00015258,2057 RISING HILL DR,Suspicious,OK0140200,7,21,76,8,SE,35.1790676,-97.41052859999999,0,False
3/2/2024 21:20,2024-00015259,15622 E STATE HWY 9 HWY,Traffic Stop,OK0140200,7,21,76,1,E,35.18922209999999,-97.3240539,0,False
3/2/2024 21:20,2024-00015264,900 E LINDSEY ST,Noise Complaint,OK0140200,7,21,26,4,SE,35.2035277,-97.42810109999999,0,False
3/2/2024 21:23,2024-00003429,2803 24TH AVE NW,Sick Person,14005,7,21,4,2,NW,35.2534296,-97.4809935,0,True
3/2/2024 21:23,2024-00004513,2803 24TH AVE NW,Sick Person,EMSSTAT,7,21,4,2,NW,35.2534296,-97.4809935,0,True
3/2/2024 21:31,2024-00015261,<UNKNOWN>,Stolen Vehicle,OK0140200,7,21,76,22,NE,35.2225668,-97.4394777,0,False
3/2/2024 21:32,2024-00015262,513 MIDLAND DR,Stolen Vehicle,OK0140200,7,21,8,22,W,35.2123116,-97.4947145,0,False
3/2/2024 21:36,2024-00015263,1719 ABE MARTIN DR,Disturbance/Domestic,OK0140200,7,21,76,3,NE,35.2390951,-97.41547039999999,0,False
3/2/2024 21:42,2024-00015265,BNSF RR / E CEDAR LANE RD,Check Area,OK0140200,7,21,76,16,SE,35.1749979,-97.37683,0,False
3/2/2024 21:42,2024-00000020,1177 180TH AVE NE,Fire Vehicle,14009,7,21,26,31,E,35.2315822,-97.17660289999999,0,False
3/2/2024 21:42,2024-00003430,1177 180TH AVE NE,Fire Vehicle,14005,7,21,26,31,E,35.2315822,-97.17660289999999,0,False
3/2/2024 21:42,2024-00015267,3000 CHAUTAUQUA AVE,Contact a Subject,OK0140200,7,21,76,7,S,35.1864102,-97.4514612,0,False
3/2/2024 21:45,2024-00015266,513 MIDLAND DR,Contact a Subject,OK0140200,7,21,8,7,W,35.2123116,-97.4947145,0,False
3/2/2024 21:50,2024-00015268,1275 W ROBINSON ST,Traffic Stop,OK0140200,7,21,76,1,W,35.2334709,-97.4890484,0,False
3/2/2024 21:52,2024-00015270,529 BUCHANAN AVE,Welfare Check,OK0140200,7,21,8,14,S,35.21262110000001,-97.4444315,0,False
3/2/2024 21:55,2024-00003431,529 BUCHANAN AVE,Unconscious/Fainting,14005,7,21,8,6,S,35.21262110000001,-97.4444315,0,True
3/2/2024 21:55,2024-00004514,529 BUCHANAN AVE,Unconscious/Fainting,EMSSTAT,7,21,8,6,S,35.21262110000001,-97.4444315,0,True
3/2/2024 21:55,2024-00015271,S LAHOMA AVE / W LINDSEY ST,MVA Non Injury,OK0140200,7,21,76,16,SW,35.2038907,-97.4516569,0,False
3/2/2024 22:07,2024-00015272,1180 W MAIN ST,Traffic Stop,OK0140200,7,22,76,1,W,35.2181543,-97.45885779999999,1,False
3/2/2024 22:08,2024-00015273,747 ASP AVE,Fight,OK0140200,7,22,26,39,S,35.2124275,-97.44341730000001,1,False
3/2/2024 22:08,2024-00015288,747 ASP AVE,Trespassing,OK0140200,7,22,26,22,S,35.2124275,-97.44341730000001,1,False
3/2/2024 22:12,2024-00015274,1700 E LINDSEY ST,Traffic Stop,OK0140200,7,22,76,1,SE,35.2038457,-97.41609989999999,1,False
3/2/2024 22:12,2024-00015275,1800 BEAUMONT DR,Disturbance/Domestic,OK0140200,7,22,26,3,SE,35.2064871,-97.41692359999999,1,False
3/2/2024 22:13,2024-00015277,1719 24TH AVE SW,Alarm,OK0140200,7,22,76,4,SW,35.1983021,-97.47590749999999,1,False
3/2/2024 22:23,2024-00015280,CHAUTAUQUA AVE / W STATE HWY 9 HWY,Debris in Roadway,OK0140200,7,22,26,39,S,35.1934841,-97.4501019,1,False
3/2/2024 22:26,2024-00004515,2900 JENKINS AVE,Stand By EMS,EMSSTAT,7,22,3,16,SE,35.196793,-97.43155399999999,1,True
3/2/2024 22:29,2024-00015278,400 BUCHANAN AVE,Foot Patrol,OK0140200,7,22,8,31,S,35.2147154,-97.44467619999999,1,False
3/2/2024 22:30,2024-00015279,2412 E LINDSEY ST,Traffic Stop,OK0140200,7,22,76,1,SE,35.2038514,-97.4060178,1,False
3/2/2024 22:33,2024-00003432,3840 IVES WAY,Overdose/Poisoning,14005,7,22,8,31,W,35.2295863,-97.49868909999999,1,True
3/2/2024 22:33,2024-00004516,3840 IVES WAY,Overdose/Poisoning,EMSSTAT,7,22,8,31,W,35.2295863,-97.49868909999999,1,True
3/2/2024 22:34,2024-00015287,3432 MOUNT MITCHELL LN,Barking Dog,OK0140200,7,22,76,53,N,35.2596186,-97.452989,1,False
3/2/2024 22:34,2024-00015281,PARKSIDE RD / BROOKHOLLOW RD,Suspicious,OK0140200,7,22,76,8,W,35.227862,-97.501515,1,False
3/2/2024 22:35,2024-00015286,1800 BEAUMONT DR,Noise Complaint,OK0140200,7,22,26,4,SE,35.2064871,-97.41692359999999,1,False
3/2/2024 22:36,2024-00015282,3840 IVES WAY,Welfare Check,OK0140200,7,22,8,14,W,35.2295863,-97.49868909999999,1,False
3/2/2024 22:42,2024-00015283,24TH AVE NE / E ROBINSON ST,Suspicious,OK0140200,7,22,8,8,E,35.2327646,-97.40596400000001,0,False
3/2/2024 22:43,2024-00015285,130 E MOSIER ST,Suspicious,OK0140200,7,22,76,8,N,35.2313151,-97.4448329,1,False
3/2/2024 22:45,2024-00015284,24TH AVE NE / E ROBINSON ST,Suspicious,OK0140200,7,22,8,8,E,35.2327646,-97.40596400000001,0,False
3/2/2024 23:08,2024-00015289,7215 108TH AVE NE,Loud Party,OK0140200,7,23,76,53,NE,35.306063,-97.281469,1,False
3/2/2024 23:21,2024-00004517,901 N PORTER AVE,Transfer/Interfacility,EMSSTAT,7,23,1,10,NE,35.2301496,-97.43914960000001,1,True
3/2/2024 23:23,2024-00015290,3301 12TH AVE SE,Noise Complaint,OK0140200,7,23,26,4,SE,35.1772393,-97.4211941,1,False
3/2/2024 23:27,2024-00015293,3829 HAVENBROOK CIR,Suspicious,OK0140200,7,23,76,8,W,35.2305265,-97.49830630000001,1,False
3/2/2024 23:30,2024-00015291,211 W HIMES ST,Disturbance/Domestic,OK0140200,7,23,76,3,NW,35.2307821,-97.44863620000001,1,False
3/2/2024 23:37,2024-00015292,1802 23RD AVE SE,Noise Complaint,OK0140200,7,23,26,4,SE,35.1960504,-97.4068351,1,False
3/2/2024 23:53,2024-00015294,1407 WESTBROOKE TER,Disturbance/Domestic,OK0140200,7,23,76,3,SW,35.1973373,-97.462076,1,False
3/2/2024 23:59,2024-00015295,N FLOOD AVE / W ROBINSON ST,Contact a Subject,OK0140200,7,23,76,7,NW,35.2330288,-97.4533029,1,False
